颮	bbL
飑	bbL
曝	bpL
皤	bp2
飄	bpiL
飘	bpiL
晌	bpiT
暯	bmo
曚	bm3
冕	bmi2
昴	bmiT
昬	bmi8
旺	bwT
昒	bw8
暡	bw3
晤	bwi6
旻	bwi8
暐	bwiV
𬀩	bwiV
韡	bwiVH
𮧵	bwiVH
旭	bju6
皎	bjL
晛	bjV
𬀪	bjV
晴	bq8
晓	bxuL
暁	bxuL
曉	bxuL
暄	bxu2
暶	bxuV
晞	bxE
旴	byA
嫑	byL
映	byT
甭	by3
飔	bnua
昵	bnE
曩	bnT
晢	bzue
晁	bzuL
晬	bzuV
晫	bzo
昭	bzL
颭	bz2
飐	bz2
暙	bDu8
皠	bDuV
黜	bDA
黪	bD2
黲	bD2
晟	bD8
暰	bD3
颼	bs6
飕	bs6
旵	bs2
智	bHa
晊	bHY
孬	bHL
暂	bH2
暫	bH2
皉	bHV
黠	bNo
皭	bNie
暻	bNi8
黥	bNi3
曪	blo
昽	bl3
曨	bl3
飗	bli6
量	bliT
昤	bli8
皊	bli8H
黛	bdY
旫	bdL
昸	bdi3
颱	btY
畠	btie
曈	bti3
嘏	bgA
暨	bgY
暠	bgL
旰	bgi2
曌	bk3
炅	bho
晘	bh2
晗	bhi2
晷	b4u6
晒	b5a
暿	b5o
皙	b5io
晰	b5ioH
晹	b5iT
颶	b5iV
飓	b5iV
黧	bvL
曬	bviY
暾	bF8
黝	b76
旽	b78
㿠	bBT
晨	bBi8
晇	bca
旷	bciT
曠	bciT
暌	bciV
晔	bfa
曄	bfa
皈	bf2
昉	bfT
昘	bfTH
昐	bf8
㫵	bfV
暃	bfVH
昈	bfio
昇	bfiL
巴	ba
趴	baD
八	baH
朳	bac
叭	bao
汃	baE
扒	ba8
玐	ba3
孛	bo
舶	boq
苩	boy
鉑	boN
铂	boN
粕	boh
柏	boc
泊	boE
箔	bo2
碧	bo3
伯	boV
俻	be
偹	be
備	be
备	be
貶	bex
贬	bex
砭	bes
疺	bet
窆	bef
比	bE
荜	bEy
蓽	bEy
跸	bED
蹕	bED
毕	bEH
畢	bEH
哔	bEo
嗶	bEo
筚	bE2
篳	bE2
不	bA
晡	bAb
峬	bAw
蒱	bAy
鵏	bAn
𬷕	bAn
逋	bAz
埔	bAd
秿	bAh
庯	bA5
補	bAu
哺	bAo
悑	bAY
捕	bA8
白	bY
拜	bYH
拝	bYH
㗑	bYo
湃	bYE
伯	bYV
包	bL
煲	bLx
葆	bLy
鴇	bLn
鸨	bLn
保	bLH
堡	bLd
堢	bLdH
褒	bLu
褓	bLuH
媬	bLA
必	b6
崥	b6w
髀	b6j
萆	b6y
蜱	b6k
庳	b65
鼙	b67
裨	b6u
婢	b6A
捭	b68
俾	b6V
陴	b61
般	b2
昄	b2b
岅	b2w
版	b2q
舨	b2qH
鈑	b2N
钣	b2N
坂	b2d
粄	b2h
瓪	b27
板	b2c
汳	b2E
扳	b28
阪	b21
邦	bT
牓	bTp
嵭	bTw
髈	bTj
艕	bTq
蒡	bTy
磅	bTs
鎊	bTN
镑	bTN
塝	bTd
榜	bTc
嗙	bTo
膀	bTe
搒	bT8
傍	bTV
謗	bTi
谤	bTi
本	b8
逩	b8z
奔	b8H
錛	b8N
锛	b8N
犇	b8g
喯	b8o
渀	b8E
捹	b88
倴	b8V
布	b3
崩	b3w
鏰	b3wN
镚	b3wN
塴	b3wd
飆	b3quV
飇	b3quV
飙	b3quV
飚	b3quV
蹦	b3D
泵	b3s
弸	b3l
堋	b3d
痭	b3t
奟	b3f
綳	b3a
绷	b3a
嘣	b3o
傰	b3V
卑	bV
敗	bVr
败	bVr
貝	bVH
贝	bVH
鋇	bVN
钡	bVN
坝	bVd
垻	bVd
狈	bVv
狽	bVv
呗	bVo
唄	bVo
浿	bVE
𬇙	bVE
贔	bV3
赑	bV3
啚	b1
秉	b1H
犮	bia
霸	biaH
壩	biad
灞	biaE
博	biop
簙	bio'p2
薄	bioy
蒪	bioyH
欂	bioyc
礡	bios
礴	bios
镈	bioN
榑	bioc
膊	bioe
愽	bioY
簿	bio2
搏	bio8
边	bie
邊	bie
蹩	bieD
彆	biel
蟞	biek
虌	bieky
憋	bieF
鱉	bieB
鳖	bieB
襒	bieu
阜	biA
卜	biAH
补	biAu
卟	biAo
百	biY
罴	biYx
羆	biYx
罢	biYH
罷	biYH
䎬	biY7
䎱	biY7
襬	biYu
摆	biY8
擺	biY8
表	biL
幖	biLp
熛	biLx
磦	biLs
鏢	biLN
镖	biLN
檦	biLlc
墂	biLd
瘭	biLt
驃	biLg
骠	biLg
标	biLc
標	biLc
膘	biLe
篻	biL2
摽	biL8
僄	biLV
辟	bi6
畀	bi6H
劓	bi6l
痹	bi6t
淠	bi6E
嬶	bi6A
箅	bi62
鼻	bi6T
濞	bi6TE
扁	bi2
炞	bi2x
苄	bi2y
卞	bi2H
汴	bi2E
忭	bi2Y
抃	bi28
玣	bi23
半	biT
币	biTp
幣	biTp
蔽	biTy
敝	biTH
斃	biTt
弊	biT8
宾	bi8
賓	bi8
昞	bi8b
昺	bi8bH
炳	bi8x
苪	bi8y
丙	bi8H
病	bi8t
疒	bi8tH
蛃	bi8k
柄	bi8c
窉	bi8f
怲	bi8Y
眪	bi8T
抦	bi88
邴	bi81
陃	bi81H
并	bi3
輩	bi3q
辈	bi3q
悲	bi3F
棑	bi3c
琲	bi33
北	biV
焙	biVx
蓓	biVy
踣	biVD
碚	biVs
棓	biVc
倍	biVV
韛	pbe
帮	pbT
幇	pbT
幚	pbT
幫	pbT
韍	pbia
韨	pbia
牑	pbi2
屏	pbi3
丠	pbiV
嚮	ppiT
卖	pmY
賣	pmY
幔	pm2
幪	pm3
帓	pmio
幄	pwio
帏	pwiV
幃	pwiV
幏	pjua
届	pje
帹	pqY
屄	pxuY
协	pxY
協	pxY
扊	pyuV
扆	pyE
牖	py3
屉	pno
帻	pze
幘	pze
帜	pzE
幟	pzE
岾	pz2
帐	pzT
帳	pzT
帱	pD6
幬	pD6
㞞	pD3
祟	psu2
帨	psuV
帤	prA
韖	pr6
亓	pHqE
屍	pHue
些	pHV
帒	pdY
帄	pdi8
幍	ptL
屇	ptie
帼	pgo
幗	pgo
卅	pk2
属	pkiA
屬	pkiA
飾	phuT
饰	phuT
帿	phi6
屌	pFiL
帧	pci8
幀	pci8
房	pfT
帉	pf8
扉	pfV
屝	pfVH
扈	pfio
幡	pfi2
辟	pa
皅	pab
帊	pap
舥	paq
𤆵	pax
葩	pay
鈀	paN
钯	paN
羓	pag
耙	pa7
杷	pac
潖	paE
妑	paA
筢	pa2
爬	pa8
琶	pa3
叵	po
岶	pow
迫	poz
魄	pot
泊	poE
珀	po3
匹	pe
幋	pep
磐	pes
盘	peH
盤	pe4
槃	pec
媻	peA
丕	pE
屁	pEp
芘	pEy
砒	pEs
蚍	pEk
毗	pE4
毘	pE4
枇	pEc
枈	pEc
紕	pEa
纰	pEa
批	pE8
琵	pE3
玭	pE3H
仳	pEV
普	pA
圃	pAm
莆	pAy
鋪	pAN
铺	pAN
匍	pAl
葡	pAly
埔	pAd
簠	pA'42
脯	pAe
浦	pAE
蒲	pAEy
牌	pY
輫	pYq
徘	pYz
猅	pYv
棑	pYc
裴	pYu
排	pY8
俳	pYV
暴	pL
皰	pLj
炮	pLx
炰	pLx
萢	pLy
跑	pLD
砲	pLs
刨	pLl
垉	pLd
疱	pLt
庖	pL5
狍	pLv
袍	pLu
咆	pLo
泡	pLE
匏	pL2
爮	pL8
业	p6
業	p6
齔	p6j
龀	p6j
匕	p6H
牝	p6g
庀	p65
番	p2
貧	p2x
贫	p2x
砏	p2s
頒	p2r
颁	p2r
攽	p2rH
坌	p2d
椕	p2c
盼	p2T
扮	p28
掰	p28H
玢	p23
邠	p21
訜	p2i
旁	pT
崥	pTw
埤	pTd
啤	pTo
脾	pTe
睥	pTT
郫	pT1
彭	p8
葐	p8y
盆	p8H
湓	p8E
朋	p3
羼	p3yuT
歕	p3r
賁	p3H
贲	p3H
豮	p3v
鱝	p3B
鲼	p3B
喷	p3o
噴	p3o
濆	p3E
𣸣	p3E
偾	p3V
旆	pVf
沛	pVE
霈	pVE6
伂	pVV
甹	p1
駁	p1H
驳	p1H
否	pia
帕	piap
苩	piay
袙	piau
啪	piao
怕	piaY
发	pio
發	pio
岥	piow
蔢	pioy
破	pios
頗	pior
颇	pior
坡	piod
婆	pioA
陂	pio1
片	pie
丿	pieH
鐅	pieN
䥕	pieNH
𬭯	pieNH
潎	pieE
嫳	pieA
氕	pie6
瞥	pieT
撇	pie8
撆	pie8H
卜	piA
幞	piAp
蹼	piAD
菐	piAH
鏷	piAN
镤	piAN
墣	piAd
穙	piAh
醭	piA4
樸	piAc
噗	piAo
濮	piAE
撲	piA8
璞	piA3
僕	piAV
派	piY
迫	piYz
廹	piYzH
鲌	piYB
拍	piY8
皛	piY3
藠	piY3y
票	piL
帔	piLp
鞁	piLx
皮	piLH
鈹	piLN
铍	piLN
疲	piLt
鲏	piLB
被	piLu
披	piL8
陂	piL1
詖	piLi
诐	piLi
樊	pi6
蓖	pi6y
𣬉	pi6H
貔	pi6v
媲	pi6A
嫓	pi6A
篦	pi62
扁	pi2
鞭	pi2x
便	pi2H
楩	pi2c
緶	pi2a
缏	pi2a
㛹	pi2A
箯	pi22
向	piT
牉	piTp
跘	piTD
叛	piTr
判	piTl
畔	piT4
袢	piTu
胖	piTe
泮	piTE
眫	piTT
平	pi8
屏	pi8p
幈	pi8pp
帡	pi8pH
塀	pi8pd
箳	pi8'p2
荓	pi8y
硑	pi8s
駢	pi8g
骈	pi8g
庰	pi85
瓶	pi87
胼	pi8e
洴	pi8E
姘	pi8A
聠	pi8T
拼	pi88
頻	pi3
频	pi3
蓬	pi3y
纄	pi3a
鑝	pi3a
篷	pi32
酉	piV
賠	piVx
赔	piVx
菩	piVy
咅	piVH
錇	piVN
锫	piVN
剖	piVl
培	piVd
醅	piV4
涪	piVE
婄	piVA
箁	piV2
掊	piV8
琣	piV3
陪	piV1
匫	mbw8
圖	mb1
闢	mbi6
匾	mbi2
闢	mpa
闖	mma
闯	mma
匢	mw8
囫	mw8
閔	mwi8
闵	mwi8
围	mwiV
圍	mwiV
闈	mwiVH
闱	mwiVH
闕	mjue
阙	mjue
闃	mjuE
阒	mjuE
圈	mju2
匠	mj3
匧	mqa
圊	mq8
閸	myua
园	myuo
囩	myu8
閹	my2
阉	my2
囡	mnA
团	mzu2
團	mzu2
䦓	mz2
乜	mDE
匜	mDEH
閉	mDY
闭	mDY
閶	mDT
阊	mDT
匴	msu2
囝	mHL
䦛	mH8
䦶	mH8
𠙶	mliL
囹	mli8
閗	md6
鬦	md6
鬪	md6
鬭	md6
闥	mdia
闼	mdia
闘	mdi6
图	mdi3
囼	mtY
園	mtiV
閣	mgie
閤	mgie
阁	mgie
圐	mkA
開	mkY
閆	mk2
闫	mk2
閌	mkT
闶	mkT
囥	mkTH
闆	mhu8
閥	mha
阀	mha
閎	mh3
闳	mh3
閤	mhie
阋	m4ie
鬩	m4ie
囵	mv8
圇	mv8
圙	mvie
囤	m78
闍	m7ie
阇	m7ie
訚	m7iY
誾	m7iY
圁	m7iYH
閼	m7iL
阏	m7iL
圆	m7i2
圓	m7i2
閨	mBV
闺	mBV
闋	mciV
阕	mciV
匪	mfV
閽	mfi8
阍	mfi8
馬	ma
马	ma
密	maw
蜜	mak
秘	mah
謐	ma4i
谧	ma4i
宓	maf
嘧	mao
泌	maE
莫	mo
麾	moj
磨	mos
蘑	mosy
劘	mol
魔	mot
耱	mo7
摩	mo8
藦	mo8y
帛	me
攵	meH
牧	meg
米	mE
蘼	mEy
靡	mEt
糜	mEh
醾	mEh4
縻	mEu
母	mA
暮	mAb
幕	mAp
幙	mAp
募	mAl
墓	mAd
慕	mAF
模	mAc
冪	mAf
幂	mAf
慔	mAY
买	mY
買	mY
薶	mYy
埋	mYd
霾	mY6
毛	mL
帽	mLp
赗	mLx
冒	mLH
勖	mLl
媢	mLA
瑁	mL3
牟	m6
黙	m6x
墨	m6d
默	m6v
𬙊	m6a
嫼	m6A
曼	m2
暪	m2b
蹒	m2D
蹣	m2D
顢	m2r
颟	m2r
䓣	m2H
𬜯	m2H
螨	m2k
蟎	m2k
懑	m2F
懣	m2F
樠	m2c
满	m2E
滿	m2E
瞒	m2T
瞞	m2T
璊	m23
𫞩	m23
莽	mT
芒	mTy
硭	mTys
恾	mT'yY
牤	mTg
虻	mTk
杧	mTc
杗	mTcH
吂	mTo
肓	mTe
汒	mTE
茫	mTEy
忙	mTY
盲	mTT
盳	mTTH
氓	mTV
邙	mT1
門	m8
门	m8
暝	m8b
蓂	m8y
冥	m8H
螟	m8k
榠	m8c
溟	m8E
嫇	m8A
慏	m8Y
瞑	m8T
蒙	m3
艋	m3q
孟	m3H
錳	m3N
锰	m3N
勐	m3l
蜢	m3k
皿	m34
猛	m3v
掹	m38
每	mV
昧	mVb
魅	mVt
寐	mVf
沬	mVE
妹	mVA
眛	mVT
佅	mVV
么	m1
庅	m1
麽	m1
芈	m1H
咩	m1o
麻	mia
弥	mial
彌	mial
猕	miav
獼	miav
祢	miau
禰	miau
袮	miauH
沵	miaE
濔	miaE
瀰	miaE
末	mio
殁	miot
没	mioE
丏	mie
幭	miep
衊	miej
蔑	miey
礣	mies
蠛	miek
襪	mieu
瀎	mieE
懱	mieY
篾	mie2
木	miA
苜	miAy
目	miAH
鉬	miAN
钼	miAN
矛	miY
穆	miYH
苗	miL
秒	miLh
杪	miLc
緲	miLa
缈	miLa
渺	miLET
妙	miLA
篎	miL2T
眇	miLT
某	mi6
翏	mi6H
鏐	mi6N
镠	mi6N
𪤗	mi6d
瘳	mi6t
疁	mi64
繆	mi6a
缪	mi6a
璆	mi63
謬	mi6i
谬	mi6i
免	mi2
面	mi2H
勔	mi2l
麵	mi2h
麺	mi2h
緬	mi2a
缅	mi2a
喕	mi2o
腼	mi2e
湎	mi2E
媔	mi2A
愐	mi2Y
偭	mi2V
卯	miT
尨	miTH
牻	miTg
厖	miT5
庬	miT5
哤	miTo
娏	miTA
民	mi8
茗	mi8y
名	mi8H
銘	mi8N
铭	mi8N
酩	mi84
洺	mi8E
姳	mi8A
眳	mi8T
佲	mi8V
詺	mi8i
明	mi3
夢	mi3b
夣	mi3b
梦	mi3b
懜	mi3'bY
薨	mi3t
甍	mi37
懵	mi3Y
瞢	mi3T
儚	mi3V
眉	miV
美	miVH
鎂	miVN
镁	miVN
渼	miVE
媄	miVA
岜	wba
嶫	wp6
嶓	wp2
㠓	wm3
峁	wmiT
岷	wmi8
嵋	wmiV
嵔	wwL
嵡	ww3
崴	wwiY
峿	wwi6
崛	wjuo
嶡	wjue
崌	wjA
峧	wjL
岘	wjV
峴	wjV
峤	wquL
嶠	wquL
峑	wqu2
嵹	wqT
岤	wxuY
嶑	wxuT
峋	wxu8
岄	wyue
岩	wyuY
巖	wyuY
峣	wyuL
嶢	wyuL
岈	wya
崾	wyL
崦	wy2
峏	wnuY
嶟	wzu8
崪	wzuV
嵖	wDua
輋	wDue
𪨶	wDue
嵢	wDuT
嵯	wDo
崱	wDe
嶆	wDL
嵾	wD2
峸	wD8
屾	ws2
嵶	wruo
嵘	wru3
嶸	wru3
岊	wHjo
嵫	wHuY
嶦	wHu2
峙	wHuT
㟃	wHo
崭	wH2
嶄	wH2
峥	wH8
岌	wNa
嶷	wNE
屺	wNia
崎	wNi6
嵜	wNi6H
峖	wNi2
崃	wlY
崍	wlY
峔	wlL
㟺	wl6
嵝	wl6
嶁	wl6
巃	wl3
峛	wlie
峢	wlieH
嵧	wli6
岭	wli8
嶺	wli8
岺	wli8H
岱	wdY
嶝	wd8
岽	wd3
崬	wd3
嵽	wdiY
𫶇	wdiY
巅	wdi2
巔	wdi2
岻	wdiT
峂	wdi3
崉	wta
嵉	wt8
峒	wt3
峝	wt3
嵣	wtiT
崮	wga
崓	wgaH
岵	wgA
嵩	wgL
嵌	wg2
岗	wgT
崗	wgT
嶱	wg1
峼	wgiL
岣	wgi6
峺	wgi8
嵀	wka
巇	wkE
崆	wk3
岿	wkV
巋	wkV
岢	wkie
嵁	wki2
嵻	wkiT
嵑	whe
豁	whiY
崿	w4o
嶴	w4L
嵴	w4T
岪	w4iL
屹	w5E
巘	w52
𪩘	w52
岠	w5V
谿	w5i6
崙	wv8
㠣	wvi6
𫵷	wvi6
𪨰	wFE
嵚	wF3
嶔	wF3
岖	wFi6
嶇	wFi6
屿	w7a
嶼	w7a
崳	w7o
嵛	w7o
岳	w7Y
嶽	w7Y
幽	w76
岰	w76H
嵎	w7ia
嵙	wce
崐	wc8
崑	wc8
嵊	wc3
嵅	wf6
岎	wf8
岚	wf3
嵐	wf3
崲	wfiT
瓦	wa
街	wam
蛙	wak
畦	wa4
觟	wa7
哇	wao
洼	waE
漥	waEf
窪	waEf
娃	waA
眭	waT
佳	waV
我	wo
莴	woy
萵	woy
蜗	wok
蝸	wok
窝	wof
窩	wof
涡	woE
渦	woE
濄	woEz
娲	woA
媧	woA
挝	wo8
撾	wo8
尾	we
賄	wex
贿	wex
鮪	weB
鲔	weB
洧	weE
为	wE
為	wE
爲	wE
蕊	wEy
惢	wEH
乌	wA
烏	wA
旿	wAb
迕	wAz
午	wAH
杵	wAc
忤	wAY
仵	wAV
外	wY
歪	wYH
畏	wL
熨	wLx
蔚	wLy
尉	wLH
螱	wLk
慰	wLF
鳚	wLB
霨	wL6
无	w6
無	w6
賦	w6x
赋	w6x
鵡	w6n
鹉	w6n
斌	w6r
贇	w6rx
赟	w6rx
武	w6H
珷	w63
万	w2
萬	w2
芄	w2y
丸	w2H
紈	w2a
纨	w2a
王	wT
皖	wTb
烷	wTx
莞	wTy
完	wTH
脘	wTe
筦	wT2
琓	wT3
勿	w8
輼	w8q
辒	w8q
煴	w8x
韞	w8xH
韫	w8xH
昷	w8H
瘟	w8t
鰛	w8B
鳁	w8B
温	w8E
蕰	w8Ey
媪	w8A
揾	w88
搵	w88
瑥	w83
翁	w3
蕹	w3y
邕	w3H
廱	w35
嗈	w3o
灉	w3E
饔	w3L
齆	w3T
委	wV
帷	wVp
罹	wV4
維	wVa
维	wVa
唯	wVo
潍	wVE
濰	wVE
惟	wVY
琟	wV3
巫	wia
亏	wiaH
圬	wiad
虧	wiav
肟	wiae
污	wiaE
雩	wia6
樗	wia6c
摴	wia68
㻬	wia63
鄠	wia61
屋	wio
鋈	wioN
沃	wioE
胃	wie
巍	wiew
魏	wieH
隗	wie1
五	wiA
滅	wiAx
灭	wiAx
茂	wiAy
戊	wiAH
戍	wiAd
戌	wiAh
㳚	wiAE
威	wiY
屼	wiYw
髡	wiYj
軏	wiYq
𫐄	wiYq
靰	wiYx
兀	wiYH
虺	wiYk
豗	wiYv
杌	wiYc
阢	wiY1
未	wiL
嶶	wiLw
薇	wiLy
微	wiLH
坆	wiLd
黴	wiLh
枚	wiLc
徽	wiLa
溦	wiLE
玫	wiL3
吾	wi6
嵍	wi6w
鶩	wi6n
鹜	wi6n
敄	wi6H
鍪	wi6N
堥	wi6d
騖	wi6g
骛	wi6g
蝥	wi6k
愗	wi6F
婺	wi6A
瞀	wi6T
宛	wi2
弯	wi2H
彎	wi2H
塆	wi2d
壪	wi2d
湾	wi2E
灣	wi2E
亡	wiT
輞	wiTq
辋	wiTq
罔	wiTH
魍	wiTt
網	wiTa
网	wiTa
惘	wiTY
文	wi8
蔄	wi8y
𬜬	wi8y
問	wi8o
问	wi8o
聞	wi8T
闻	wi8T
务	wi3
務	wi3
吴	wi3H
蜈	wi3k
誤	wi3i
误	wi3i
韋	wiV
韦	wiV
峗	wiVw
硊	wiVs
𬱟	wiVr
危	wiVH
𬶏	wiVB
桅	wiVc
洈	wiVE
齙	jbL
龅	jbL
发	jbia
髪	jbia
髮	jbia
鬂	jbi8
鬓	jbi8
鬢	jbi8
髌	jbi8H
髕	jbi8H
衃	jpE
氆	jpA
衇	jpiY
髦	jmL
毪	jm6
鬘	jm2
齷	jwio
龌	jwio
毽	jjuY
鬈	jju2
齽	jju3
骱	jje
齘	jjeH
𬹼	jjeH
齗	jj3
龂	jj3
鬏	jqu6
毬	jq6
髹	jx6
髽	jzuo
毡	jz2
髢	jDE
毵	jD2
毿	jD2
毦	jre
衈	jreH
髯	jr2
鬒	jHu8
髻	jNo
齮	jNi6
𬺈	jNi6
髅	jl6
髏	jl6
齡	jli8
龄	jli8
毭	jdi6
骶	jdiT
骼	jgie
骾	jgi8
骯	jkT
髑	jkiA
骸	jhY
毫	jhL
骺	jh6
𬌗	jhie
鬚	j4uT
毢	j5a
皲	j58
皸	j58
髃	j7ia
䯗	jBE
齪	jB6
龊	jB6
齼	jBi6
𬺓	jBi6
骻	jca
髋	jc2
髖	jc2
髣	jfT
鬍	jfiA
家	jua
嘏	juab
葭	juay
瘕	juat
貑	juav
婽	juaA
假	juaV
屈	juo
疌	juoH
寁	juof
啑	juoo
婕	juoA
睫	juoT
捷	juo8
厥	jue
炔	juex
砄	jues
夬	jueH
駃	jueg
𫘝	jueg
缺	jue7
觖	jue7H
袂	jueu
决	jueE
抉	jue8
玦	jue3
訣	juei
诀	juei
狊	juE
嵇	juEw
乩	juEl
稽	juEL
建	juY
賤	juYx
贱	juYx
溅	juY'xE
濺	juY'xE
践	juYD
踐	juYD
戋	juYH
戔	juYH
錢	juYN
钱	juYN
篯	juY'N2
籛	juY'N2
綫	juYa
线	juYa
浅	juYE
淺	juYE
餞	juYL
饯	juYL
笺	juY2
箋	juY2
諓	juYi
𬣡	juYi
焦	juL
皦	juLb
邀	juLz
徼	juLzH
敫	juLH
墽	juLd
檄	juLc
竅	juLf
繳	juLa
缴	juLa
噭	juLo
激	juLE
撽	juL8
璬	juL3
儌	juLV
九	ju6
旧	ju6n
舊	ju6n
臼	ju6H
䊆	ju6h
桕	ju6c
舁	ju68
舅	ju6V
卷	ju2
焆	ju2x
鵑	ju2n
鹃	ju2n
鋗	ju2N
𫓶	ju2N
埍	ju2d
蜎	ju2k
罥	ju24
狷	ju2v
瓹	ju27
梋	ju2c
絹	ju2a
绢	ju2a
涓	ju2E
娟	ju2A
悁	ju2Y
睊	ju2T
捐	ju28
琄	ju23
夅	juT
匞	juTm
茳	juTy
豇	juTh
江	juTE
君	ju8
晙	ju8b
黢	ju8bH
峻	ju8w
皴	ju8j
焌	ju8x
葰	ju8y
逡	ju8z
夋	ju8H
埈	ju8d
駿	ju8g
骏	ju8g
畯	ju84
狻	ju8v
竣	ju8f
浚	ju8E
悛	ju8Y
俊	ju8V
禁	ju3
囧	ju3b
扃	ju3p
炯	ju3x
苘	ju3y
迥	ju3z
冋	ju3H
坰	ju3d
駉	ju3g
𬳶	ju3g
䌹	ju3a
絅	ju3a
泂	ju3E
冏	ju3V
烱	ju3Vx
埛	ju3Vd
浻	ju3VE
詗	ju3i
诇	ju3i
前	juV
暕	juVb
柬	juVH
𬶠	juVB
拣	juV8
揀	juV8
諫	juVi
谏	juVi
加	ja
閘	jam
闸	jam
岬	jaw
翈	jan
甲	jaH
鉀	jaN
钾	jaN
胛	jae
節	jo
节	jo
碣	jos
堨	jod
羯	jog
竭	jof
揭	jo8
偈	joV
介	je
劼	jel
秸	jeh
鮚	jeB
鲒	jeB
桔	jec
結	jea
结	jea
洁	jeE
喆	je2
拮	je8
詰	jei
诘	jei
几	jE
幾	jE
賫	jEx
赍	jEx
荠	jEy
薺	jEy
跻	jED
躋	jED
剂	jEl
劑	jEl
蛴	jEk
蠐	jEk
齏	jEh
齑	jEh
鱭	jEB
鲚	jEB
斋	jEu
斎	jEu
齋	jEu
哜	jEo
嚌	jEo
济	jEE
濟	jEE
霁	jE6
霽	jE6
挤	jE8
擠	jE8
隮	jE1
𬯀	jE1
居	jA
焗	jAx
局	jAH
鋦	jAN
锔	jAN
侷	jAV
兼	jY
碱	jYs
鹹	jY4
緘	jYa
缄	jYa
减	jYE
箴	jY2
交	jL
峤	jLw
嶠	jLw
轎	jLq
轿	jLq
驕	jLg
骄	jLg
矫	jL7
矯	jL7
娇	jLA
嬌	jLA
久	j6
㠇	j6w
鷲	j6n
鹫	j6n
蹴	j6D
蹵	j6DH
就	j6H
殧	j6t
噈	j6o
憱	j6Y
僦	j6V
間	j2
间	j2
硷	j2s
礆	j2s
剑	j2l
劍	j2l
劎	j2l
鹼	j24
检	j2c
檢	j2c
裣	j2u
襝	j2u
睑	j2T
瞼	j2T
捡	j28
撿	j28
俭	j2V
儉	j2V
将	jT
將	jT
姜	jTy
薑	jTy
礓	jTs
畺	jTH
疆	jTl
彊	jTlH
壃	jTd
殭	jTt
橿	jTc
繮	jTa
缰	jTa
僵	jTV
竟	j8
烃	j8x
烴	j8x
茎	j8y
莖	j8y
径	j8z
徑	j8z
迳	j8zH
逕	j8zH
硁	j8s
硜	j8s
頸	j8r
颈	j8r
劲	j8l
勁	j8l
刭	j8lH
剄	j8lH
痉	j8t
痙	j8t
経	j8a
經	j8a
经	j8a
胫	j8e
脛	j8e
泾	j8E
涇	j8E
娙	j8A
𫰛	j8A
俓	j8V
陉	j81
陘	j81
斤	j3
晉	j3H
晋	j3H
戬	j3l
縉	j3a
缙	j3a
溍	j3E
瑨	j33
鄑	j31
見	jV
见	jV
艦	jVq
监	jVH
監	jVH
鉴	jVN
鍳	jVN
鑑	jVN
鑒	jVN
尴	jVt
尷	jVt
盐	jV4
鹽	jV4
槛	jVc
檻	jVc
舭	qbE
艨	qm3
鞔	qmi2
艉	qwe
較	qjL
较	qjL
舰	qjV
輇	qqu2
辁	qqu2
䑴	qqE
艌	qnu2
輈	qzu6
辀	qzu6
轉	qzu2
转	qzu2
舴	qza
軹	qzE
轵	qzE
軺	qzL
轺	qzL
舯	qz3
輟	qDuo
辍	qDuo
舱	qDuT
艙	qDuT
艚	qDL
艘	qs6
舢	qs2
𫟦	qsV
輮	qr6
𫐓	qr6
軔	qr8
轫	qr8
輊	qHY
轾	qHY
軾	qHT
轼	qHT
轢	qle
轹	qle
舲	qli8
軑	qda
轪	qda
舠	qdL
艠	qd8
艇	qti8
轅	qtiV
辕	qtiV
軲	qgA
轱	qgA
舡	qg3
軻	qkie
轲	qkie
舸	qkieH
朅	qhe
軤	qhiA
轷	qhiA
軛	q4e
轭	q4e
舾	q5a
舣	q5Y
艤	q5Y
轤	qva
轳	qva
舻	qvaH
艫	qvaH
輪	qv8
轮	qv8
轆	qvio
辘	qvio
輛	qviT
辆	qviT
輙	qFT
舵	qFio
舆	q7a
輿	q7a
軘	q78
艅	q7io
艁	qBL
輄	qBT
𨐈	qBT
舫	qfT
艎	qfiT
启	qua
啓	qua
啟	qua
萏	quay
鵮	quan
鹐	quan
臽	quaH
埳	quad
啗	quao
惂	quaY
餡	quaL
馅	quaL
掐	qua8
陷	qua1
諂	quai
谄	quai
泉	quo
圈	quom
券	quol
弮	quolH
椦	quolc
蜷	quok
豢	quov
棬	quoc
綣	quoa
绻	quoa
啳	quoo
婘	quoA
惓	quoY
拳	quo8
捲	quo8H
遣	que
崅	quew
鶴	quen
鹤	quen
确	ques
確	ques
雀	queH
截	quel
埆	qued
榷	quec
隺	quef
搉	que8
傕	queV
弃	quE
棄	quE
鶒	quEn
勅	quEH
敕	quEH
肩	quY
崄	quYw
嶮	quYw
莶	quYy
薟	quYy
佥	quYH
僉	quYH
驗	quYg
验	quYg
猃	quYv
獫	quYv
签	quY2
簽	quY2
险	quY1
險	quY1
乔	quL
喬	quL
劁	quLl
樵	quLc
嫶	quLA
憔	quLY
瞧	quLT
譙	quLi
谯	quLi
秋	qu6
崷	qu6w
𬨎	qu6q
鞧	qu6x
煪	qu6xH
蕕	qu6y
遒	qu6z
酋	qu6H
蝤	qu6k
猷	qu6v
猶	qu6vH
䲡	qu6B
全	qu2
巏	qu2w
顴	qu2r
颧	qu2r
劝	qu2l
勸	qu2l
权	qu2c
權	qu2c
孉	qu2A
羌	quT
蔷	quTy
薔	quTy
蘠	quTy
墙	quTd
墻	quTd
廧	quT5
樯	quTc
檣	quTc
嫱	quTA
嬙	quTA
頃	qu8
顷	qu8
帬	qu8p
羣	qu8g
群	qu8g
裙	qu8u
裠	qu8u
禽	qu3
芩	qu3y
衾	qu3u
琴	qu33
犬	quV
鶼	quVn
鹣	quVn
歉	quVr
慊	quVY
謙	quVi
谦	quVi
夹	qa
夾	qa
帢	qap
匼	qac
袷	qau
洽	qaE
恰	qaY
㽏	qaT
欠	qo
堑	qod
塹	qod
椠	qoc
槧	qoc
渐	qoE
漸	qoE
切	qe
趄	qeD
且	qeH
蛆	qek
姐	qeA
怚	qeY
笡	qe2
伹	qeV
其	qE
起	qED
鱾	qEB
杞	qEc
玘	qE3
去	qA
氍	qAj
忂	qAz
衢	qAz
瞿	qAH
癯	qAt
懼	qAY
妾	qY
鶱	qYn
𬸣	qYn
蹇	qYD
騫	qYg
骞	qYg
寨	qYc
褰	qYu
搴	qY8
謇	qYi
巧	qL
峭	qLw
鞘	qLx
悄	qLY
俏	qLV
誚	qLi
诮	qLi
求	q6
丘	q6H
坵	q6d
蚯	q6k
邱	q61
千	q2
黔	q2b
貪	q2x
贪	q2x
鈐	q2N
钤	q2N
棽	q2c
僋	q2V
强	qT
炝	qTx
熗	qTx
跄	qTD
蹌	qTD
戗	qTl
戧	qTl
枪	qTc
槍	qTc
呛	qTo
嗆	qTo
抢	qT8
搶	qT8
青	q8
𠬶	q8H
鋟	q8N
锓	q8N
駸	q8g
骎	q8g
寝	q8f
寢	q8f
祲	q8u
浸	q8E
寖	q8Ef
侵	q8V
寑	q8Vf
穷	q3
窮	q3
銎	q3N
蛩	q3k
桏	q3c
筇	q32
邛	q31
契	qV
桼	qVH
膝	qVe
漆	qVE
照	xbzL
靶	xba
鞴	xbe
鞞	xbV
煸	xbi2
靽	xbiT
爆	xpL
燓	xpi6
熳	xm2
焖	xm8
燜	xm8
靺	xmio
煤	xmi6
貿	xmiT
贸	xmiT
煝	xmiV
煨	xwL
卐	xw2
煟	xwie
焐	xwi6
炆	xwi8
炜	xwiV
煒	xwiV
鞬	xjuY
燋	xjuL
煎	xjuV
賀	xja
贺	xja
炌	xje
賺	xjY
赚	xjY
灸	xj6
靳	xj3
鞒	xquL
鞽	xquL
鞦	xqu6
熲	xqu8
颎	xqu8
賕	xq6
赇	xq6
䞍	xq8
焪	xq3
煜	xxuE
煊	xxu2
貺	xxu3
贶	xxu3
烯	xxE
烌	xx6
煋	xx8
烊	xyuT
焱	xyuV
烻	xyY
鞅	xyT
炴	xyTH
烟	xy8
㶲	xy3
贋	xyV
赝	xyV
焾	xnu2
貰	xno
贳	xno
燶	xn3
韆	xzq2
炿	xzu6
烐	xzu6
赃	xzuT
炸	xza
焯	xzo
炽	xzE
熾	xzE
炤	xzL
炶	xz2
賬	xzT
账	xzT
爨	xDu2
賶	xDuT
熜	xDu3
熣	xDuV
財	xDY
财	xDY
賒	xse
赊	xse
灿	xs2
燧	xsV
賙	xru6
赒	xru6
燃	xru2
賃	xru8
赁	xru8
爃	xru3
鞣	xr6
煣	xr6H
靭	xr8
靱	xr8
韌	xr8
韧	xr8
熔	xr3
屃	xHue
屓	xHue
韂	xHu2
貯	xHA
贮	xHA
靸	xNa
炁	xN6
烬	xN3
燼	xN3
贐	xN3H
赆	xN3H
爝	xNie
鞍	xNi2
猄	xNi3
賚	xlY
赉	xlY
烈	xlie
熘	xli6
炩	xli8
貸	xdY
贷	xdY
燈	xd8
鞑	xdia
韃	xdia
灯	xdi8
炵	xdi3
灶	xtA
炱	xtY
炲	xtYH
韜	xtL
韬	xtL
烔	xt3
畑	xtie
煻	xtiT
烶	xti8
熇	xgL
购	xg6
焵	xgT
貢	xg3
贡	xg3
㸆	xgiL
炷	xka
賢	xko
贤	xko
烤	xkL
炕	xkT
鞚	xk3
炣	xkie
烛	xkiA
燭	xkiA
煁	xki2
鞏	xki3
煰	xhu8
燬	xhuV
鞨	xhe
焊	xh2
烹	xh8
㸌	xhio
烀	xhiA
焓	xhi2
烩	xhiV
燴	xhiV
䩯	x4uE
鞯	x4u8
韉	x4u8
燠	x4L
煾	x48
熹	x5o
熺	x5o
燨	x5Y
炬	x5V
㷪	x5ie
賜	x5iT
赐	x5iT
燖	x5i8
𬊈	x5i8
炉	xva
爐	xva
爧	xvi8
煅	xF2
燉	xF8
熰	xFi6
𬉼	xFi6
貣	x7e
靿	x76
煺	x7V
鞋	xBV
烝	xBi3
焜	xc8
熴	xc8
煃	xcV
煽	xcie
熟	xciL
㷂	xfdi6
烨	xfa
燁	xfa
焕	xfY
煥	xfY
販	xf2
贩	xf2
炃	xf8
煈	xf3
貨	xfia
货	xfia
煳	xfiA
燔	xfi2
煌	xfiT
焝	xfi8
夏	xua
轄	xuaq
辖	xuaq
瞎	xuaT
鮮	xuo
鲜	xuo
苮	xuoy
籼	xuoh
氙	xuo6
仙	xuoV
佡	xuoVV
雪	xue
峃	xuew
嶨	xuew
礐	xues
𬒈	xues
敩	xuer
斆	xuer
壆	xued
黉	xueh
黌	xueh
鱟	xueB
鲎	xueB
泶	xueE
澩	xueE
覺	xueT
觉	xueT
搅	xue8
攪	xue8
学	xueV
學	xueV
昱	xuE
夐	xuEH
琼	xuE3
瓊	xuE3
穴	xuY
暹	xuYb
韱	xuYH
尖	xuYN
鑯	xuYN
殲	xuYt
纖	xuYa
孅	xuYA
懺	xuYY
籤	xuY2
讖	xuYi
谶	xuYi
孝	xuL
萧	xuLy
蕭	xuLy
彇	xuLl
蟏	xuLk
蠨	xuLk
橚	xuLc
啸	xuLo
嘯	xuLo
潇	xuLE
瀟	xuLE
箫	xuL2
簫	xuL2
秀	xu6
臭	xu6H
螑	xu6k
糗	xu6h
嗅	xu6o
溴	xu6E
齅	xu6T
宣	xu2
昡	xu2b
衒	xu2m
舷	xu2q
炫	xu2x
玄	xu2H
鉉	xu2N
铉	xu2N
弦	xu2l
痃	xu2t
牵	xu2g
牽	xu2g
䮄	xu2gH
𫠊	xu2gH
縴	xu2'ga
幻	xu2a
泫	xu2E
妶	xu2A
怰	xu2Y
眩	xu2T
玹	xu23
伭	xu2V
象	xuT
芗	xuTy
薌	xuTy
乡	xuTH
郷	xuTH
鄉	xuTH
響	xuT4
膷	xuTe
飨	xuTL
饗	xuTL
旬	xu8
巡	xu8z
順	xu8r
顺	xu8r
馴	xu8g
驯	xu8g
杊	xu8c
紃	xu8a
𬘓	xu8a
訓	xu8i
训	xu8i
兄	xu3
狌	xu3v
鮏	xu3B
姓	xu3A
性	xu3Y
旋	xuV
皆	xuVH
堦	xuVd
喈	xuVo
湝	xuVE
偕	xuVV
階	xuV1
諧	xuVi
谐	xuVi
下	xa
暇	xab
遐	xaz
徦	xazH
叚	xaH
蝦	xak
霞	xa6
睱	xaT
瑕	xa3
写	xo
冩	xo
寫	xo
射	xoH
塮	xod
麝	xov
榭	xoc
謝	xoi
谢	xoi
解	xe
頡	xeH
颉	xeH
襭	xeu
纈	xea
缬	xea
撷	xe8
擷	xe8
希	xE
熄	xEx
息	xEH
鎴	xEN
螅	xEk
媳	xEA
虚	xA
胥	xAH
壻	xAd
糈	xAh
醑	xA4
湑	xAE
婿	xAA
揟	xA8
偦	xAV
谞	xAi
劦	xY
显	xYr
顕	xYr
顯	xYr
㬎	xYH
湿	xYE
濕	xYE
隰	xY1
肖	xL
效	xLr
滧	xL'rE
傚	xL'rV
効	xLl
俲	xL'lV
校	xLc
姣	xLA
休	x6
岫	x6w
袖	x6u
先	x2
鷳	x2n
鷴	x2n
鹇	x2n
閑	x2H
闲	x2H
痫	x2t
癇	x2t
娴	x2A
嫺	x2A
嫻	x2A
僩	x2V
相	xT
翔	xTn
庠	xT5
祥	xTu
絴	xTa
詳	xTi
详	xTi
星	x8
岍	x8w
羿	x8n
趼	x8D
研	x8s
幵	x8H
鈃	x8N
钘	x8N
枅	x8c
汧	x8E
妍	x8A
笄	x82
兇	x3
凶	x3
圉	x3m
幸	x3H
緈	x3a
啈	x3o
涬	x3E
婞	x3A
悻	x3Y
倖	x3V
卸	xV
县	xVH
縣	xVH
悬	xVF
懸	xVF
芭	yba
荸	ybo
芘	ybE
芣	ybA
苞	ybL
苾	yb6
苯	yb8
茇	ybia
菠	ybio
薜	ybi6
萹	ybi2
苝	ybiV
苉	ype
苤	ypE
蒡	ypT
蒎	ypiY
蔈	ypiL
苹	ypi8
蘋	ypi3
𬞟	ypi3
荬	ymY
蕒	ymY
芼	ymL
蔓	ym2
莓	ymV
茉	ymio
莯	ymiA
茅	ymiY
茆	ymiT
苠	ymi8
萌	ymi3
蒍	ywE
蔿	ywE
𫇭	ywE
芜	yw6
蕪	yw6
芴	yw8
蓊	yw3
萎	ywV
葳	ywiY
苿	ywiL
菋	ywiL
菀	ywi2
莣	ywiT
芠	ywi8
苇	ywiV
葦	ywiV
䓛	yjuo
蕨	yjue
蕉	yjuL
艽	yju6
莙	yju8
茄	yja
芥	yje
蒹	yjY
茭	yjL
蒋	yjT
蔣	yjT
芹	yj3
苋	yjV
莧	yjV
菺	yquY
荍	yquL
荞	yquL
蕎	yquL
萩	yqu6
荃	yqu2
荚	yqa
莢	yqa
芡	yqo
萁	yqE
芊	yq2
蔃	yqT
菁	yq8
䓖	yq3
藭	yq3
葜	yqV
藓	yxuo
蘚	yxuo
茓	yxuY
莠	yxu6
萱	yxu2
荀	yxu8
薢	yxe
葙	yxT
芫	yyuo
芸	yyu8
蕓	yyu8
菼	yyuV
芽	yya
芋	yyA
葽	yyL
莸	yy6
茵	yy8
蕥	ynya
葸	ynua
茑	ynuL
蔦	ynuL
菍	ynu2
苶	ynu8
薾	ynu8H
𦰡	yna
艿	ynY
萳	yn2
䔭	yn8
苧	yn8
薴	yn8
蒾	yzmE
蓙	yzuo
庄	yzuT
荘	yzuT
莊	yzuT
䓬	yzo
𦭜	yzE
茱	yzA
茬	yzY
菬	yzL
苫	yz2
茽	yz3
蕞	yzV
莗	yDue
菜	yDuY
苍	yDuT
蒼	yDuT
葱	yDu3
蒫	yDo
萴	yDe
茁	yDA
蔘	yD2
菖	yDT
苁	yD3
蓯	yD3
菙	yDV
蒴	ysuo
芍	ysuL
蒜	ysu2
荪	ysu8
蓀	ysu8
苼	ysu3
蓐	yrua
蒻	yruo
草	yruL
荏	yru8
茸	yre
茹	yrA
葇	yr6
苒	yr2
蓉	yr3
芮	yrV
芰	yHua
芷	yHu6
薝	yHu2
茨	yHuV
苎	yHA
苧	yHA
芓	yHL
茈	yHV
芨	yNa
薿	yNE
蒟	yNA
荠	yNL
薺	yNL
荆	yN8
荩	yN3
藎	yN3
芑	yNia
蕖	yNiA
萋	yNiL
荌	yNi2
苡	yNiT
苢	yNiT
蒯	ylp3
萝	ylo
蘿	ylo
菉	ylA
莱	ylY
萊	ylY
荖	ylL
蒌	yl6
蔞	yl6
莮	yl2
茏	yl3
蘢	yl3
蕾	ylV
莲	yli2
蓮	yli2
莨	yliT
苓	yli8
蕯	yli3
藟	yliV
茤	ydo
菂	yde
蒂	ydE
芀	ydL
荻	yd1s
荙	ydia
薘	ydia
蔕	ydiY
荳	ydi6
茋	ydiT
艼	ydi8
苳	ydi3
苔	ytY
薹	ytYH
蓞	ytL
葶	yt8
茼	yt3
荽	ytio
菟	ytiA
蓎	ytiT
莛	yti8
薳	ytiV
菇	ygA
藁	ygL
芶	yg6
苷	yg2
茛	yg8
菓	ygio
蓇	ygiA
苟	ygi6
莄	ygi8
苛	ykie
蔲	yki6
蔻	yki6
葚	yki2
蓿	ykiV
藊	yhbi2
藐	yhuL
蘩	yhu2
茷	yha
蔊	yh2
萫	yhT
葔	yhi6
莟	yhi2
蘅	yhi8
荟	yhiV
薈	yhiV
蘸	y4juL
蒨	y4ue
葕	y4u2
荐	y4u8
薦	y4u8
萼	y4o
苊	y4e
薁	y4L
茯	y46
蒽	y48
芙	y4ia
茀	y4iL
莩	y4iT
荫	y4i8
蔭	y4i8
苻	y4i3
菔	y4iV
茜	y5a
薏	y5L
芯	y53
苣	y5V
菥	y5io
荨	y5i8
蕁	y5i8
莘	y5i3
芦	yva
蘆	yva
蕗	yvo
荔	yvE
藜	yvL
蓢	yvT
莉	yvV
苈	yvi6
藶	yvi6
蓠	yviV
蘺	yviV
藽	yFi8
薪	y7Fi8
芧	y7L
蕈	y72
蓟	y7T
薊	y7T
芚	y78
菸	y7iL
蓄	yBo
莼	yB3
蒓	yB3
莂	yBiY
菅	yBi2
莀	yBi8
蒸	yBi3
蒉	yBiV
蒉	yBiV
菽	ycL
蔟	ycia
繭	yci3
茧	yci3
葵	yciV
茡	yfHL
蕙	yfe
蓜	yfE
葴	yf6
芳	yfT
芬	yf8
菲	yfV
花	yfia
葫	yfiA
蕃	yfi2
茴	yfiV
亚	yua
亞	yua
黡	yuab
黶	yuab
厴	yuaj
厌	yuaH
厭	yuaH
压	yuad
壓	yuad
魇	yuat
魘	yuat
厣	yua4
厴	yua4
嚈	yuao
靥	yuae
靨	yuae
恹	yuaY
懨	yuaY
餍	yuaL
饜	yuaL
元	yuo
越	yuoD
戉	yuoH
鉞	yuoN
钺	yuoN
魆	yuot
樾	yuoc
泧	yuoE
月	yue
閲	yuem
阅	yuem
哾	yueo
悦	yueY
説	yuei
说	yuei
役	yuE
屑	yuEp
胤	yuEH
酳	yuE4
榍	yuEc
洕	yuEE
佾	yuEV
严	yuY
嚴	yuY
燕	yuYH
醼	yuY4
嬿	yuYA
䜩	yuYi
堯	yuL
尧	yuL
岙	yuLw
岆	yuLwH
跃	yuLD
夭	yuLH
殀	yuLt
袄	yuLu
妖	yuLA
飫	yuLL
饫	yuLL
笑	yuL2
仸	yuLV
由	yu6
冇	yu6m
囿	yu6mH
峟	yu6w
烠	yu6xH
有	yu6H
銪	yu6N
铕	yu6N
宥	yu6f
哊	yu6o
姷	yu6A
珛	yu63
侑	yu6V
郁	yu61
鬱	yu61
原	yu2
暖	yu2b
㬊	yu2bH
爰	yu2H
锾	yu2N
緩	yu2a
缓	yu2a
喛	yu2o
湲	yu2E
媛	yu2A
援	yu28
瑗	yu23
諼	yu2i
谖	yu2i
羊	yuT
羕	yuTH
樣	yuTc
漾	yuTE
云	yu8
晕	yu8b
暈	yu8b
運	yu8z
喗	yu8o
恽	yu8Y
惲	yu8Y
郓	yu81
鄆	yu81
甬	yu3
牗	yu3p
庸	yu3H
鏞	yu3N
镛	yu3N
墉	yu3d
鱅	yu3B
鳙	yu3B
槦	yu3c
滽	yu3E
嫞	yu3A
慵	yu3Y
傭	yu3V
鄘	yu31
炎	yuV
船	yuVq
㕣	yuVH
兖	yuVH
鉛	yuVN
铅	yuVN
沿	yuVE
沇	yuVEH
渷	yuVEH
牙	ya
崖	yaw
厓	yaH
堐	yad
涯	yaE
睚	yaT
捱	ya8
𠊎	yaV
艳	yo
艶	yo
艷	yo
匽	yom
䳛	yon
鶠	yon
𬸘	yon
晏	yoH
堰	yod
蝘	yok
鼹	yov
宴	yof
揠	yo8
偃	yoV
郾	yo1
夜	ye
耶	yeH
鋣	yeN
铘	yeN
椰	yec
揶	ye8
爷	yeV
爺	yeV
倻	yeVH
衣	yE
萍	yEpi8
荑	yEy
夷	yEH
痍	yEt
咦	yEo
胰	yEe
姨	yEA
彝	yE8
侇	yEV
于	yA
峪	yAw
鵒	yAn
鹆	yAn
欲	yAr
谷	yAH
薅	yAHL
裕	yAu
唂	yAo
浴	yAE
俗	yAV
延	yY
蔫	yYy
焉	yYH
墕	yYd
漹	yYE
嫣	yYA
傿	yYV
鄢	yY1
要	yL
暚	yLb
鷂	yLn
鹞	yLn
遥	yLz
徭	yLzH
䍃	yLH
猺	yLv
鰩	yLB
鳐	yLB
窑	yLf
繇	yLa
嗂	yLo
媱	yLA
愮	yLY
摇	yL8
瑶	yL3
傜	yLV
謡	yLi
谣	yLi
尤	y6
倐	y6x
莜	y6y
攸	y6H
倏	y6v
悠	y6F
修	y6a
脩	y6e
䗛	y6ek
滫	y6eE
浟	y6E
筱	y62
翛	y6V
奄	y2
𬮱	y2m
煙	y2x
歅	y2r
垔	y2H
堙	y2d
甄	y27
禋	y2u
湮	y2E
凐	y2EH
籈	y22
鄄	y21
𬤇	y2i
央	yT
旸	yTb
暘	yTb
颺	yTbH
飏	yTbH
崵	yTw
炀	yTx
煬	yTx
昜	yTH
鍚	yTN
疡	yTt
瘍	yTt
杨	yTc
楊	yTc
婸	yTA
扬	yT8
揚	yT8
瑒	yT3
阳	yT1
陽	yT1
阦	yT1H
因	y8
贏	y8x
赢	y8x
𣎆	y8H
羸	y8g
蠃	y8k
瀛	y8E
㜲	y8A
嬴	y8A
攍	y88
用	y3
雍	y3H
壅	y3d
癕	y3t
癰	y3t
噰	y3o
臃	y3e
澭	y3E
擁	y38
雁	yV
閻	yVm
阎	yVm
焰	yVx
鵓	nbo
鹁	nbo
鴀	nbA
䳆	nbY
鹎	nbV
䴙	npa
䴙	npa
𬸪	np2
鵬	np3
鹏	np3
翲	npiL
翩	npi2
鷶	nmY
鹲	nm3
鶓	nmiL
鹋	nmiL
鶥	nmiV
鹛	nmiV
鹟	nw3
鵐	nwia
鹀	nwia
䴗	njuE
鶪	njuE
鷦	njuL
鹪	njuL
鳩	nju6
鸠	nju6
翦	njuV
䴔	njL
鵁	njL
鵳	nquY
鶖	nqu6
鹙	nqu6
翌	nxuE
翊	nxuEH
鵂	nx6
鸺	nx6
翘	nyuL
翹	nyuL
鴉	nya
鸦	nya
雅	nyaH
鵺	nye
鴦	nyT
鸯	nyT
鴯	nnuY
鸸	nnuY
䴓	nnuV
鳾	nnuV
鵃	nzu6
鸼	nzu6
鶬	nDuT
鸧	nDuT
鹴	nsuT
鶸	nruo
翢	nru6
鴞	nrL
鸮	nrL
䎃	nr2
翅	nHua
鳲	nHue
鸤	nHue
鸚	nHu3
鹦	nHu3
鷹	nH3
鹰	nH3
雌	nHV
翳	nNiV
䴕	nlie
鴷	nlie
鶹	nli6
鹠	nli6
翎	nli8
鴒	nli8H
鸰	nli8H
凳	nd8
鶇	nd3
鸫	nd3
鴟	ndiT
鸱	ndiT
鵜	ntE
鹈	ntE
鵚	nti6
𦒍	nti3
鴣	ngA
鸪	ngA
鶻	ngiA
鹘	ngiA
鵠	ngiL
鹄	ngiL
鵼	nk3
夙	nkiV
鹖	nhe
雄	nh3
翃	nh3H
翭	nhi6
鴴	nhi8
鸻	nhi8
鶚	n4o
鹗	n4o
凫	n46
鳬	n46
鹡	n4T
鹡	n4T
孵	n4iT
鵩	n4iV
鹢	n5iY
雞	n5i6
鷄	n5i6
鸡	n5i6
鸕	nva
鸬	nva
鷺	nvo
鹭	nvo
鸝	nviY
鹂	nviY
離	nviV
毈	nF2
鳶	n7e
鸢	n7e
鸑	n7Y
𬸚	n7Y
鷫	nc6
鹔	nc6
鵾	nc8
鹍	nc8
鷟	ncia
𬸦	ncia
鴋	nfT
翂	nf8
凤	nf3
鳳	nf3
翡	nfV
鶘	nfiA
鹕	nfiA
飛	nfiL
飞	nfiL
翻	nfi2
凰	nfiT
思	nua
逝	nuaz
銴	nuaN
誓	nuai
隐	nuo
隱	nuo
匿	nuom
鍩	nuoN
锘	nuoN
慝	nuoF
喏	nuoo
掿	nuo8
諾	nuoi
诺	nuoi
薛	nue
虐	nueH
𰀂	nueH
疟	nuet
瘧	nuet
謔	nuei
谑	nuei
苏	nuE
蘇	nuE
称	nuEh
稱	nuEh
秤	nuE7
偁	nuEV
而	nuY
萘	nuYy
奈	nuYH
柰	nuYc
渿	nuYE
捺	nuY8
鳥	nuL
鸟	nuL
颾	nuLb
蚤	nuLH
瘙	nuLt
騷	nuLg
骚	nuLg
鰠	nuLB
鳋	nuLB
溞	nuLE
掻	nuL8
搔	nuL8
牛	nu6
茌	nu6y
士	nu6H
仕	nu6V
念	nu2
輾	nu2q
辗	nu2q
蹍	nu2D
碾	nu2s
㞋	nu2H
赧	nu2h
斯	nuT
蕬	nuTy
鷥	nuTn
鸶	nuTn
丝	nuTH
絲	nuTH
糸	nuTa
纟	nuTa
咝	nuTo
噝	nuTo
尔	nu8
爾	nu8
茚	nu8y
印	nu8H
䲟	nu8B
抑	nu88
英	nu3
熒	nu3x
荧	nu3x
莺	nu3n
鶯	nu3n
蓥	nu3N
鎣	nu3N
塋	nu3d
茔	nu3d
萤	nu3k
螢	nu3k
䓨	nu37
罃	nu37
縈	nu3a
萦	nu3a
潆	nu3aE
瀠	nu3aE
營	nu3oo
营	nu3oo
滎	nu3E
荥	nu3E
瑩	nu33
莹	nu33
滢	nu33E
瀅	nu33E
师	nuV
師	nuV
輦	nuVH
辇	nuVH
撵	nuV8
攆	nuV8
那	na
蒳	nay
鈉	naN
钠	naN
衲	nau
納	naa
纳	naa
呐	nao
肭	nae
妠	naA
訥	nai
讷	nai
世	no
糥	noh
糯	noh
穤	nohH
臑	noe
懦	noY
聂	ne
聶	ne
圼	neH
㘿	ned
㖏	neo
涅	neE
湼	neE
篞	ne2
捏	ne8
陧	ne1
尼	nE
晲	nEb
齯	nEj
𫠜	nEj
輗	nEq
𫐐	nEq
兒	nEH
猊	nEv
麑	nEvH
鯢	nEB
鲵	nEB
婗	nEA
霓	nE6
睨	nET
倪	nEV
𨺙	nE1
女	nA
帑	nAp
砮	nAs
奴	nAH
鎿	nAN
镎	nAN
努	nAl
弩	nAlH
駑	nAg
驽	nAg
怒	nAF
呶	nAo
胬	nAe
笯	nA2
拿	nA8
孥	nAV
乃	nY
史	nYH
駛	nYg
驶	nYg
尿	nL
㐫	nLH
垴	nLd
堖	nLd
匘	nLt
脑	nLe
腦	nLe
恼	nLY
惱	nLY
瑙	nL3
忧	n6
憂	n6
峱	n6wv
衄	n6j
靵	n6x
莥	n6y
鈕	n6N
钮	n6N
狃	n6v
杻	n6c
紐	n6a
纽	n6a
沑	n6E
妞	n6A
侴	n6AH
忸	n6Y
扭	n68
南	n2
黏	n2h
秥	n2hH
鮎	n2B
鲇	n2B
拈	n28
嚢	nT
囊	nT
酿	nT4
釀	nT4
娘	nTA
嬢	nTA
孃	nTA
宁	n8
寕	n8
寜	n8
寧	n8
熊	n8x
能	n8H
螚	n8k
农	n3
農	n3
引	n3H
蚓	n3k
矧	n37
紖	n3a
纼	n3a
吲	n3o
血	nV
闑	nVm
𫔶	nVm
嵲	nVw
臬	nVH
鎳	nVN
镍	nVN
臲	nV4
彼	zbio
避	zbi6
徧	zbi2
遍	zbi2
迸	zbi3
徬	zpT
徱	zpiL
迷	zmE
履	zmiV
迯	zwY
迈	zw2
邁	zw2
彺	zwT
往	zwT
迋	zwTH
逶	zwV
衙	zwi6
这	zwi8
违	zwiV
違	zwiV
卫	zwiVH
衛	zwiVH
逄	zjuT
迦	zja
近	zj3
逑	zq6
迁	zq2
遷	zq2
透	zxu6
徇	zxu8
邂	zxe
逍	zxL
选	zx2
远	zyuo
徉	zyuT
运	zyu8
迓	zya
迂	zyA
迩	znu8
邇	znu8
廼	znY
迺	znY
遵	zzu8
衝	zzu3
迮	zza
逴	zzo
再	zzY
征	zz8
從	zD3
逊	zsu8
遜	zsu8
遈	zsE
述	zsA
術	zsAH
辿	zs2
速	zs3
徵	zrz8
週	zru6
徝	zH6
彶	zNa
进	zN8
徛	zNi6
逻	zlo
邏	zlo
逯	zlA
徕	zlY
徠	zlY
辽	zliL
遛	zli6
彾	zli8
得	zde
遆	zdE
辺	zdL
邆	zd8
递	zdV
逖	zd1s
逗	zdi6
逸	ztiA
遠	ztiV
復	zkiY
邈	zhuL
迄	zhu6
逅	zh6
後	zh6H
行	zhT
遲	z56
徲	z56H
逦	zviY
邐	zviY
逾	z7o
遇	z7ia
徐	z7io
這	z7iY
逞	zB8
徎	zB8H
徂	zBiL
逭	zBi2
遗	zBiV
遺	zBiV
返	zf2
彷	zfT
徨	zfiT
遑	zfiTH
徊	zfiV
廻	zfiVH
迴	zfiVH
爪	zua
皶	zuaj
查	zuaH
查	zuaH
査	zuaH
査	zuaH
𥻗	zuah
楂	zuac
喳	zuao
渣	zuaE
齇	zuaT
揸	zua8
坐	zuo
豖	zuoH
剢	zuol
塚	zuod
瘃	zuot
椓	zuoc
冢	zuof
啄	zuoo
涿	zuoE
琢	zuo3
諑	zuoi
诼	zuoi
折	zue
蔗	zuey
鷓	zuen
鹧	zuen
遮	zuez
庶	zueH
䗪	zuek
嗻	zueo
嫬	zueA
摭	zue8
宅	zuY
窄	zuYH
醡	zuY4
榨	zuYc
兆	zuL
燥	zuLx
藻	zuLy
躁	zuLD
趮	zuLDH
𥖨	zuLs
喿	zuLH
繰	zuLa
缲	zuLa
噪	zuLo
臊	zuLe
澡	zuLE
璪	zuL3
譟	zuLi
舟	zu6
荮	zu6y
葤	zu6y
疛	zu6t
兽	zu6v
獸	zu6v
狩	zu6vH
守	zu6f
紂	zu6a
纣	zu6a
肘	zu6e
討	zu6i
讨	zu6i
专	zu2
專	zu2
選	zu2z
巽	zu2H
噀	zu2o
潠	zu2E
饌	zu2L
馔	zu2L
簨	zu22
撰	zu28
僎	zu2V
壮	zuT
壯	zuT
髒	zuTj
葬	zuTH
塟	zuTd
装	zuTu
裝	zuTu
尊	zu8
㞟	zu8p
踯	zu8D
躑	zu8D
奠	zu8H
掷	zu88
擲	zu88
郑	zu81
鄭	zu81
重	zu3
鬃	zu3j
踪	zu3D
宗	zu3H
粽	zu3h
棕	zu3c
綜	zu3a
综	zu3a
腙	zu3e
倧	zu3V
卒	zuV
追	zuVz
𠂤	zuVH
槌	zuVc
縋	zuVa
缒	zuVa
膇	zuVe
乍	za
癿	zab
乢	zaw
軋	zaq
轧	zaq
乚	zaH
釓	zaN
钆	zaN
虬	zak
札	zac
蚻	zack
穵	zaf
挖	za'f8
紥	zaa
紮	zaa
輒	zaT
辄	zaT
扎	za8
卓	zo
昨	zob
岞	zow
岝	zowH
做	zor
秨	zoh
酢	zo4
凿	zo7
鑿	zo7
柞	zoc
祚	zou
怍	zoY
笮	zo2
作	zoV
莋	zoVy
筰	zoV2
責	ze
责	ze
萚	zey
蘀	zey
礋	zes
睪	zeH
释	zeh
釋	zeh
沢	zeE
泽	zeE
澤	zeE
箨	ze2
籜	ze2
択	ze8
择	ze8
擇	ze8
只	zE
隻	zE
芝	zEy
之	zEH
朱	zA
煮	zAx
著	zAy
翥	zAn
着	zAH
䦃	zAN
鐯	zAN
墸	zAd
褚	zAu
啫	zAo
渚	zAE
箸	zA2
諸	zAi
诸	zAi
在	zY
載	zYq
载	zYq
灾	zYx
烖	zYx
𢦏	zYH
栽	zYc
裁	zYu
哉	zYo
賳	zYox
渽	zYE
傤	zYV
召	zL
遭	zLz
蹧	zLD
糟	zLh
醩	zL4
傮	zLV
州	z6
皱	z6j
皺	z6j
縐	z6a
绉	z6a
㤘	z6Y
㥮	z6Y
㑇	z6V
㑳	z6V
邹	z61
鄒	z61
謅	z6i
诌	z6i
占	z2
躜	z2D
躦	z2D
趱	z2DH
趲	z2DH
贊	z2H
赞	z2H
鑽	z2N
纘	z2a
缵	z2a
囋	z2o
臜	z2e
臢	z2e
攒	z28
攢	z28
瓒	z23
瓚	z23
儹	z2V
酂	z21
酇	z21
讃	z2i
長	zT
长	zT
暲	zTb
幛	zTp
嶂	zTw
章	zTH
墇	zTd
瘴	zTt
蟑	zTk
獐	zTv
樟	zTc
彰	zTa
漳	zTE
嫜	zTA
慞	zTY
瞕	zTT
璋	zT3
傽	zTV
障	zT1
鄣	zT1H
正	z8
昣	z8b
軫	z8q
轸	z8q
趁	z8D
㐱	z8H
疹	z8t
殄	z8tH
畛	z84
袗	z8u
胗	z8e
餮	z8L
眕	z8T
抮	z88
珍	z83
診	z8i
诊	z8i
中	z3
枞	z3c
縱	z3a
纵	z3a
众	z3V
衆	z3V
最	zV
嵟	zVw
萑	zVy
進	zVz
隹	zVH
錐	zVN
锥	zVN
騅	zVg
骓	zVg
椎	zVc
跁	Dba
跋	Dbia
跛	Dbio
跘	DbiT
跰	Dbi3
蹯	Dp2
蹁	Dpi2
𧿹	DmA
舞	Dw6
趸	Dw2
躉	Dw2
踒	DwV
蹶	Djue
踺	DjuY
跏	Dja
踞	DjA
跤	DjL
踿	Dqu6
踥	DqY
跹	Dq2
躚	Dq2
赵	DxL
趙	DxL
跣	Dx2
跷	DyuL
蹺	DyuL
踊	Dyu3
踴	Dyu3
蹑	Dne
躡	Dne
踅	Dzue
蹲	Dzu8
踵	Dzu3
歵	Dze
跕	Dz2
蹅	DDua
踩	DDuY
蹿	DDu2
躥	DDu2
蹉	DDo
踌	DD6
躊	DD6
䟣	DsA
蹂	Dr6
跂	DHua
趾	DHu6
趑	DHuV
踟	DHa
踬	DHE
躓	DHE
踭	DH8
跐	DHV
趿	DNa
跽	DNia
跞	Dle
躒	Dle
趔	Dlie
蹓	Dli6
踉	DliT
跉	Dli8
踱	DdA
蹬	Dd8
趯	Dd1
跶	Ddia
躂	Ddia
躲	Ddio
跺	DdioH
蹛	DdiY
踮	DdiV
踏	Dta
跆	DtY
蹈	DtL
蹚	DtT
跟	Dg8
赶	Dgi2
趕	Dgi2
躻	Dk3
踄	Dkia
躅	DkiA
躿	DkiT
跫	Dki3
蹜	DkiV
处	DhiL
處	DhiL
蹐	D4T
趺	D4ia
跗	D4i3
距	D5V
蹊	D5i6
趣	DFT
蹾	DF8
躯	DFi6
軀	DFi6
踰	D7o
蹆	D7V
趗	DB6
跬	DBV
跨	Dca
踧	DcL
趽	DfT
乇	DuaH
圫	Duad
秅	Duah
侂	Dua'5V
吒	Duao
奼	DuaA
托	Dua8
仛	DuaV
双	Duo
雙	Duo
鵲	Duon
鹊	Duon
碏	Duos
錯	DuoN
错	DuoN
剒	Duol
瘄	Duot
醋	Duo4
厝	Duo5
庴	Duo5
斮	Duo7
棤	Duoc
措	Duo8
諎	Duoi
車	Due
车	Due
制	DueH
製	Dueu
掣	Due8
采	DuY
圌	DuYm
煓	DuYx
遄	DuYz
踹	DuYD
顓	DuYr
颛	DuYr
歂	DuYrH
猯	DuYv
椯	DuYc
喘	DuYo
腨	DuYe
湍	DuYE
惴	DuYY
篅	DuY2
揣	DuY8
朝	DuL
炒	DuLx
莏	DuLy
少	DuLH
鈔	DuLN
钞	DuLN
粆	DuLh
耖	DuL7
吵	DuLo
抄	DuL8
仯	DuLV
丑	Du6
輳	Du6q
辏	Du6q
奏	Du6H
楱	Du6c
腠	Du6e
凑	Du6E
揍	Du68
串	Du2
巉	Du2w
毚	Du2H
鑱	Du2N
镵	Du2N
劖	Du2l
欃	Du2c
纔	Du2a
嚵	Du2o
饞	Du2L
馋	Du2L
搀	Du28
攙	Du28
儳	Du2V
讒	Du2i
谗	Du2i
仓	DuT
倉	DuT
昶	DuTb
鍚	DuTN
钖	DuTN
场	DuTd
場	DuTd
暢	DuT4
畅	DuT4
畼	DuT4H
鬯	DuT4H
肠	DuTe
腸	DuTe
玚	DuT3
瑒	DuT3
春	Du8
寸	Du8H
刌	Du8l
籿	Du8h
酎	Du84
村	Du8c
衬	Du8u
吋	Du8o
忖	Du8Y
匆	Du3
怱	Du3
悤	Du3
翀	Du3n
种	Du3h
冲	Du3E
沖	Du3E
忡	Du3Y
浺	Du3YE
崔	DuV
崒	DuVw
焠	DuVx
萃	DuVy
膵	DuV'ye
翠	DuVn
臎	DuV'ne
濢	DuV'nE
卒	DuVH
瘁	DuVt
粹	DuVh
猝	DuVv
椊	DuVc
啐	DuVo
脺	DuVe
淬	DuVE
悴	DuVY
琗	DuV3
倅	DuVV
察	Da
岔	Daw
芆	Day
叉	DaH
釵	DaN
钗	DaN
杈	Dac
衩	Dau
汊	DaE
扠	Da8
訍	Dai
差	Do
莝	Doy
遳	Doz
夎	Dor
銼	DoN
锉	DoN
剉	Dol
痤	Dot
矬	Do7
脞	Doe
睉	DoT
挫	Do8
则	De
則	De
㬚	Deb
轍	Deq
辙	Deq
彻	Dez
徹	Dez
𰕎	DeH
勶	Del
澈	DeE
瞮	DeT
撤	De8
也	DE
迟	DEz
尺	DEH
呎	DEo
伬	DEV
出	DA
厨	DA5
幮	DA5p
蹰	DA5D
橱	DA5c
树	DAc
樹	DAc
澍	DAE
才	DY
蒇	DYy
蕆	DYy
产	DYH
產	DYH
産	DYH
鏟	DYN
铲	DYN
剷	DYl
浐	DYE
滻	DYE
曹	DL
巢	DLH
剿	DLl
勦	DLlH
樔	DLc
繅	DLa
缫	DLa
漅	DLE
摷	DL8
壽	D6
寿	D6
稠	D6h
椆	D6c
裯	D6u
綢	D6a
绸	D6a
婤	D6A
惆	D6Y
参	D2
參	D2
冁	D2p
囅	D2p
闡	D2m
阐	D2m
单	D2H
單	D2H
蝉	D2k
蟬	D2k
禅	D2u
禪	D2u
啴	D2o
嘽	D2o
婵	D2A
嬋	D2A
昌	DT
嘗	DTH
尝	DTH
鱨	DTB
鲿	DTB
嚐	DTo
偿	DTV
成	D8
层	D8p
層	D8p
嶒	D8w
蹭	D8D
曾	D8H
驓	D8g
橧	D8c
竲	D8f
噌	D8o
僧	D8V
鄫	D81
从	D3
茺	D3y
充	D3H
銃	D3N
铳	D3N
統	D3a
统	D3a
㳘	D3E
珫	D33
垂	DV
蓑	DVy
衰	DVH
榱	DVc
縗	DVa
缞	DVa
砵	sb8
碑	sbV
碥	sbi2
磻	sp2
磅	spT
硼	sp3
礬	spi6
砰	spi8
码	sma
碼	sma
礞	sm3
磞	swp3
硪	swo
碨	swL
碗	swi2
韙	swiV
韪	swiV
礁	sjuL
矶	sjE
磯	sjE
磏	sjY
斫	sj3
砚	sjV
硯	sjV
硚	squL
礄	squL
硂	squ2
砌	sqe
碁	sqE
碃	sq8
碶	sqV
䂮	sqVH
硣	sxuL
碹	sxu2
硝	sxL
硗	syuL
磽	syuL
砑	sya
砖	szu2
磚	szu2
碎	szuV
砟	sza
硃	szA
砧	sz2
碴	sDua
砗	sDue
硨	sDue
磪	sDuV
磋	sDo
础	sDA
𥕢	sDL
碜	sD2
磣	sD2
硾	sDV
礵	ssuT
磉	ssT
砷	ss8
砯	sHhu3
矷	sHL
砦	sHV
礙	sNE
硎	sN8
磲	sNiA
碌	slA
硓	slL
砻	sl3
礱	sl3
礌	slV
砱	sli8
磊	sliV
碲	sdE
橐	sdA
磴	sd8
䃮	sdia
鿎	sdia
碡	sdiA
砥	sdiT
矴	sdi8
鿬	stie
硌	sgie
矸	sgi2
硬	sgi8
硔	sgi3
砫	ska
硻	sko
砊	skT
𬒔	sk8
硿	sk3
磡	ski2
礤	shuY
砼	s4u3
𥔲	s4o
砹	s4Y
砆	s4ia
硒	s5a
矽	s5ia
磔	s5i2
砺	svY
礪	svY
𥗽	sv2
𬒗	sv2
礅	sF8
碘	sFi2
磹	s72
磤	s7i8
硅	sBV
礎	sBi6
矿	sciT
礦	sciT
砏	sf8
砜	sf3
碸	sf3
碈	sfi8
散	sua
刷	suaH
唰	suao
涮	suaE
朔	suo
𧴪	suoH
𭕆	suoH
鎖	suoN
锁	suoN
唢	suoo
嗩	suoo
琐	suo3
瑣	suo3
色	sue
啬	sueH
嗇	sueH
穑	sueh
穡	sueh
廧	sue5
涩	sueE
澀	sueE
澁	sueE
濇	sueE
懎	sueY
率	suY
囟	suYm
崽	suYw
毸	suYj
硇	suYs
思	suYH
鰓	suYB
鳃	suYB
細	suYa
细	suYa
腮	suYe
愢	suYY
揌	suY8
諰	suYi
勺	suL
艄	suLq
鞘	suLx
蛸	suLk
稍	suLh
梢	suLc
哨	suLo
潲	suLE
娋	suLA
筲	suL2
睄	suLT
捎	suL8
手	su6
薮	su6y
藪	su6y
数	su6H
數	su6H
擞	su68
擻	su68
算	su2
閂	su2m
闩	su2m
栓	su2c
絟	su2a
拴	su28
霜	suT
塲	suTd
殇	suTt
殤	suTt
觞	suT7
觴	suT7
汤	suTE
湯	suTE
慯	suTY
伤	suTV
傷	suTV
孙	su8
孫	su8
蕣	su8y
舛	su8H
橓	su8c
舜	su8f
瞬	su8T
僢	su8V
生	su3
晟	su3b
盛	su34
兊	suV
兑	suV
魋	suVt
虽	suVk
雖	suVk
脽	suVe
濉	suVE
睢	suVT
倠	suVV
誰	suVi
谁	suVi
杀	sa
莎	say
砂	sas
沙	saH
痧	sat
粆	sah
猀	sav
鯊	saB
鲨	saB
桫	sac
桬	sacH
裟	sau
紗	saa
纱	saa
唦	sao
娑	saA
挲	sa8
挱	sa8H
所	so
𡕩	soH
羧	sog
酸	so4
狻	sov
梭	soc
唆	soo
睃	soT
傻	soV
佘	se
滠	seE
灄	seE
慑	seY
懾	seY
摄	se8
攝	se8
是	sE
炻	sEx
跖	sED
硕	sEr
碩	sEr
石	sEH
鼫	sEv
柘	sEc
祏	sEu
拓	sE8
佦	sEV
术	sA
芧	sAy
垿	sAd
舒	sA4
序	sA5
杼	sAc
紓	sAa
纾	sAa
抒	sA8
帅	sY
帥	sY
賽	sYx
赛	sYx
𡨄	sYH
塞	sYd
噻	sYo
寒	sYE
簺	sY2
僿	sYV
帚	sL
髫	sLj
龆	sLjH
苕	sLy
召	sLH
鉊	sLN
𬬿	sLN
劭	sLl
韶	sL4
柖	sLc
紹	sLa
绍	sLa
玿	sL3
佋	sLV
邵	sL1
叟	s6
受	s6H
綬	s6a
绶	s6a
涭	s6E
授	s68
山	s2
跚	s2D
册	s2H
删	s2l
栅	s2c
姗	s2A
珊	s23
桑	sT
幥	sTp
牚	sTj
賞	sTx
赏	sTx
償	sT'xV
礃	sTs
尚	sTH
埫	sTd
耥	sT7
裳	sTu
緔	sTa
绱	sTa
掌	sT8
撑	sT88
申	s8
覾	s8r
审	s8H
審	s8H
渖	s8E
瀋	s8E
婶	s8A
嬸	s8A
束	s3
崧	s3w
鬆	s3j
菘	s3y
頌	s3r
颂	s3r
松	s3c
淞	s3E
凇	s3Ec
忪	s3Y
倯	s3V
訟	s3i
讼	s3i
遂	sV
髓	sVj
随	sVz
隨	sVz
隋	sVH
墮	sVd
隳	sVF
尀	rpo
䪹	rpE
敉	rmE
敏	rmV
敔	rwi6
𫖳	rju8
䫴	rju3
頬	rqa
頰	rqa
颊	rqa
欺	rqE
救	rq6
欷	rxE
歔	rxA
願	ryu2
欻	ryuV
耐	rnuY
顳	rne
颞	rne
咫	rzE
政	rz8
歠	rDuo
顙	rsT
颡	rsT
頍	rHua
𫠆	rHua
致	rHY
孜	rHL
欸	rNY
欹	rNi6
領	rli8
领	rli8
夺	rda
奪	rda
庹	rdA
頭	rdi6
頂	rdi8
顶	rdi8
𩒎	rtY
𫖭	rtY
畋	rtie
頽	rti6
颓	rti6
頲	rti8
颋	rti8
歌	rge
故	rgA
敲	rgL
攻	rg3
改	rgiY
攼	rgi2
尅	rke
頏	rkT
颃	rkT
歁	rki2
馘	rhio
頜	rhie
颌	rhie
欱	rhieH
頷	rhi2
颔	rhi2
攺	r4uV
顎	r4o
颚	r4o
顱	rva
颅	rva
頊	rFY
顼	rFY
敺	rFi6
敟	rFi2
欤	r7a
歟	r7a
歆	r73
顒	r7ia
颙	r7ia
顏	r7iV
顔	r7iV
颜	r7iV
肄	rciY
敾	rci2
放	rfT
斐	rfV
辱	rua
㞚	ruap
歃	ruar
臿	ruaH
鍤	ruaN
锸	ruaN
喢	ruao
插	rua8
偛	ruaV
弱	ruo
竹	ruoH
笃	ruog
篤	ruog
築	ruoc
竺	ruo2
筑	ruo8
身	rue
舍	rueH
騇	rueg
猞	ruev
啥	rueo
涻	rueE
捨	rue8
倽	rueV
野	ruY
适	ruYz
適	ruYz
擿	ruY'z8
蹢	ruYD
啻	ruYH
膪	ruYe
摘	ruY8
謫	ruYi
谪	ruYi
早	ruL
烧	ruLx
焼	ruLx
燒	ruLx
荛	ruLy
蕘	ruLy
鐃	ruLN
铙	ruLN
蛲	ruLk
蟯	ruLk
穘	ruLh
桡	ruLc
橈	ruLc
襓	ruLu
繞	ruLa
绕	ruLa
娆	ruLA
嬈	ruLA
饒	ruLL
饶	ruLL
挠	ruL8
撓	ruL8
隢	ruL1
周	ru6
軸	ru6q
轴	ru6q
舳	ru6qH
宙	ru6f
胄	ru6e
妯	ru6A
然	ru2
頑	ru2r
顽	ru2r
朊	ru2e
玩	ru23
阮	ru21
軟	ruT
软	ruT
贓	ruTx
贜	ruTx
蔵	ruTy
藏	ruTy
臧	ruTH
堧	ruTd
臟	ruTe
壬	ru8
芿	ru8y
辸	ru8z
礽	ru8u
扔	ru88
仍	ru8V
榮	ru3
荣	ru3
毧	ru3j
戎	ru3H
狨	ru3v
絨	ru3a
绒	ru3a
娀	ru3A
閏	ruV
閠	ruV
闰	ruV
觜	ruVH
嘴	ruVo
茶	ra
畟	raH
稷	rah
謖	rai
谡	rai
左	ro
若	roH
惹	roF
鰙	roB
楉	roc
渃	roE
婼	roA
箬	ro2
偌	roV
鄀	ro1
耳	re
热	rex
熱	rex
爇	rexy
蓺	rey
埶	reH
势	rel
勢	rel
亵	reu
褻	reu
設	rei
设	rei
日	rE
兕	rEp
薙	rEy
矢	rEH
稚	rEh
雉	rE7
如	rA
曘	rAb
嶿	rAw
燸	rAx
薷	rAy
颥	rAr
入	rAH
蠕	rAk
襦	rAu
𦈡	rAa
嚅	rAo
濡	rAE
嬬	rAA
擩	rA8
瓀	rA3
儒	rAV
孺	rAVH
齒	rY
齿	rY
碊	rYs
刬	rYl
剗	rYl
残	rYt
殘	rYt
盏	rY4
盞	rY4
栈	rYc
棧	rYc
琖	rY3
号	rL
號	rL
圂	rLm
豳	rLw
燹	rLx
蕤	rLy
逐	rLz
豕	rLH
豚	rLe
溷	rLE
柔	r6
齱	r6j
丛	r6y
叢	r6y
驟	r6g
骤	r6g
鯫	r6B
鲰	r6B
棸	r6c
緅	r6a
娵	r6A
箃	r62
掫	r68
聚	r6V
鄹	r6V1
陬	r61
諏	r6i
诹	r6i
冉	r2
躔	r2D
廛	r2H
壥	r2d
纏	r2a
缠	r2a
瀍	r2E
上	rT
鬤	rTj
爙	rTx
蘘	rTy
躟	rTD
勷	rTl
壤	rTd
蠰	rTk
穰	rTh
獽	rTv
禳	rTu
纕	rTa
𬙋	rTa
嚷	rTo
瀼	rTE
嬢	rTA
孃	rTA
懹	rTY
瓤	rT2
攘	rT8
儴	rTV
譲	rTi
讓	rTi
刃	r8
仁	r8p
閃	r8m
闪	r8m
芢	r8y
人	r8H
亻	r8H
件	r8g
年	r8h
秂	r8h
魜	r8B
朲	r8c
氽	r8E
佞	r8A
认	r8i
容	r3
冗	r3H
宂	r3H
坈	r3d
沉	r3E
内	rV
肉	rVH
勹	HbL
裒	HbLu
夲	Hb8
兵	Hbi8
匟	HmkT
冂	Hm8
孓	Hjue
卩	Hjo
孑	Hje
弪	Hj8l
弳	Hj8l
牁	Hqkie
竈	Hqu6
丌	HqE
丂	HqL
毳	Hxue
舄	Hxo
小	HxL
曱	Hyue
嵒	HyuY
垚	HyuL
甴	Hyu6
杳	HyL
尢	Hy6
甩	Hy3
㥯	Hnuo
稣	HnuE
穌	HnuE
寗	Hn8
甯	Hn8
爿	HzuT
囱	HDu3
彳	HDE
亍	HDA
煞	Hsa
枣	HruL
棗	HruL
耎	HruT
甪	HNe
丼	HN8
旯	Hla
𡿪	Hlie
夂	Hdi3
魀	Htje
旮	Hga
囗	Hgo
卵	HgE
鞲	Hg6x
罡	HgT
廾	Hgi3
臤	Hko
冰	Hhu3
虍	HhiL
集	H4ua
乂	H4Y
淮	H4V
𠬝	H4iV
临	Hv2
臨	Hv2
斣	H7kiA
屮	HBL
毌	HB2
㣇	HciY
索	Hci6
匚	HfT
支	Hua
贄	Huax
贽	Huax
鷙	Huan
鸷	Huan
執	HuaH
执	HuaH
垫	Huad
墊	Huad
蛰	Huak
蟄	Huak
絷	Huaa
縶	Huaa
挚	Hua8
摯	Hua8
十	Huo
蚩	HuoH
嗤	Huoo
滍	HuoE
媸	HuoA
尸	Hue
朿	HueH
刺	Huel
莿	Huely
箣	Hue'l2
洓	HueE
憡	HueY
策	Hue2
棘	Hue2H
拺	Hue8
兹	HuY
崰	HuYw
輜	HuYq
辎	HuYq
甾	HuYH
錙	HuYN
锱	HuYN
鯔	HuYB
鲻	HuYB
椔	HuYc
緇	HuYa
缁	HuYa
淄	HuYE
旨	HuL
齜	HuLj
龇	HuLj
髭	HuLjH
貲	HuLx
赀	HuLx
茈	HuLy
𫚖	HuLB
紫	HuLa
呲	HuLo
呰	HuLoH
眦	HuLT
訾	HuLi
止	Hu6
志	Hu6H
痣	Hu6t
梽	Hu6c
娡	Hu6A
俧	Hu6V
誌	Hu6i
詹	Hu2
輾	Hu2q
辗	Hu2q
蹍	Hu2D
展	Hu2H
榐	Hu2c
搌	Hu28
寺	HuT
示	HuTH
呩	HuTo
䏡	HuTe
視	HuTT
视	HuTT
祁	HuT1
真	Hu8
蓁	Hu8h
臻	Hu84
榛	Hu8c
搸	Hu88
瑧	Hu83
婴	Hu3
嬰	Hu3
盈	Hu3H
戤	Hu3l
楹	Hu3c
溋	Hu3E
次	HuV
辝	HuV4
梓	HuVc
宰	HuVf
榟	HuVfc
滓	HuVE
辞	HuVL
辭	HuVL
知	Ha
峙	Haw
跱	HaD
痔	Hat
庤	Ha5
持	Ha8
司	Ho
嵵	How
莳	Hoy
蒔	Hoy
时	HoH
時	HoH
埘	Hod
塒	Hod
鰣	HoB
鲥	HoB
溡	HoE
四	He
瘈	Het
瘛	HeF
吃	Heo
喫	Heo
質	HE
质	HE
帙	HEp
失	HEH
鉃	HEN
鉄	HEN
鐵	HEN
铁	HEN
秩	HEh
㝉	HA
猪	HAH
豬	HAH
橥	HAc
櫫	HAc
潴	HAE
瀦	HAE
至	HY
𠂔	HYH
秭	HYh
胏	HYe
姊	HYA
笫	HY2
子	HL
資	HLx
资	HLx
恣	HLF
咨	HLo
姿	HLA
諮	HLi
谘	HLi
直	H6
帋	H6p
軝	H6q
𬨂	H6q
芪	H6y
氏	H6H
坁	H6d
祇	H6u
衹	H6u
紙	H6a
纸	H6a
舐	H6L
扺	H68
斩	H2
斬	H2
昝	H2H
糌	H2h
咱	H2o
喒	H2o
揝	H28
偺	H2V
式	HT
闹	HTm
鬧	HTm
市	HTH
鈰	HTN
铈	HTN
柹	HTc
柿	HTc
争	H8
帪	H8p
屒	H8pH
賑	H8x
赈	H8x
桭	H8c
震	H86
振	H88
侲	H8V
应	H3
贈	H3x
赠	H3x
熷	H3xH
䎖	H3n
磳	H3s
曾	H3H
增	H3d
罾	H34
甑	H37
矰	H37H
橧	H3c
繒	H3a
缯	H3a
囎	H3o
憎	H3Y
璔	H33
譄	H3i
此	HV
鷀	HVn
鹚	HVn
磁	HVs
兹	HVH
茲	HVH
镃	HVN
螆	HVk
糍	HVh
慈	HVF
礠	HVFs
甆	HV7
濨	HVE
嬨	HVA
鈀	Nba
钯	Nba
鈈	NbA
钚	NbA
鉍	Nb6
铋	Nb6
鉢	Nb8
钵	Nb8
钸	Nb3
鈸	Nbia
钹	Nbia
𨨏	Nbio
𬭛	Nbio
錶	NbiL
鑌	Nbi8
镔	Nbi8
鐾	Npa
鉕	Npo
钷	Npo
鐠	NpA
镨	NpA
䥽	Npio
鏺	Npio
釙	NpiA
钋	NpiA
鎃	NpiY
鏌	Nmo
镆	Nmo
鉧	NmA
𬭁	NmA
鏝	Nm2
镘	Nm2
鍆	Nm8
钔	Nm8
錨	NmiL
锚	NmiL
鉚	NmiT
铆	NmiT
鎇	NmiV
镅	NmiV
鎢	NwA
钨	NwA
锪	Nw8
𬭩	Nw3
鋙	Nwi6
铻	Nwi6
鎵	Njua
镓	Njua
鐝	Njue
镢	Njue
鍵	NjuY
键	NjuY
錈	Nju2
锩	Nju2
鎅	Nje
鋸	NjA
锯	NjA
鉸	NjL
铰	NjL
鐗	Nj2
鐧	Nj2
锏	Nj2
鏘	NjT
锵	NjT
鏡	Nj8
镜	Nj8
釿	Nj3
𬬱	Nj3
鍬	Nqu6
锹	Nqu6
銓	Nqu2
铨	Nqu2
鋏	Nqa
铗	Nqa
錤	NqE
𫓹	NqE
𨱇	Nq6
釺	Nq2
钎	Nq2
鏹	NqT
镪	NqT
鍥	NqV
锲	NqV
銹	Nxu6
锈	Nxu6
鏇	NxuV
镟	NxuV
銷	NxL
销	NxL
銑	Nx2
铣	Nx2
錺	NyfT
钥	Nyue
鈾	Nyu6
铀	Nyu6
䥺	Nya
銥	NyE
铱	NyE
銦	Ny8
铟	Ny8
鍶	Nnua
锶	Nnua
鐁	NnuT
鉨	Nnu8
鉩	Nnu8
鑈	Nnu8
鿭	Nnu8
锳	Nnu3
鑷	Nne
镊	Nne
鈮	NnE
铌	NnE
釹	NnA
钕	NnA
銚	NzuL
铫	NzuL
鐏	Nzu8
𨱔	Nzu8
鍾	Nzu3
锺	Nzu3
錊	NzuV
銖	NzA
铢	NzA
钻	Nz2
鉦	Nz8
钲	Nz8
钟	Nz3
鑹	NDu2
镩	NDu2
鑔	NDa
镲	NDa
鎈	NDo
鍘	NDe
铡	NDe
鏪	NDL
鋳	ND6
鑄	ND6
铸	ND6
鏒	ND2
錩	NDT
铖	ND8
錘	NDV
锤	NDV
鏾	Nsua
鎙	Nsuo
銫	Nsue
铯	Nsue
釣	NsuL
钓	NsuL
鉎	Nsu3
鋭	NsuV
锐	NsuV
鎩	Nsa
铩	Nsa
鉥	NsA
𬬸	NsA
锼	Ns6
鉮	Ns8
𬬹	Ns8
𬭼	NsV
𨭉	Nrwi8
鉺	Nre
铒	Nre
鈤	NrE
銣	NrA
铷	NrA
鍒	Nr6
镕	Nr3
針	NHuo
针	NHuo
鎮	NHu8
镇	NHu8
鑕	NHE
锧	NHE
銍	NHY
铚	NHY
釨	NHL
錾	NH2
鏨	NH2
鏩	NH2
錚	NH8
铮	NH8
鈃	NN8
钘	NN8
錡	NNi6
锜	NNi6
銨	NNi2
铵	NNi2
铏	NlN8
鑼	Nlo
锣	Nlo
鋰	NlE
锂	NlE
録	NlA
錸	NlY
铼	NlY
銠	NlL
铑	NlL
鏤	Nl6
镂	Nl6
鎯	NlT
𨱍	NlT
鐳	NlV
镭	NlV
釕	NliL
钌	NliL
鎦	Nli6
镏	Nli6
鏈	Nli2
链	Nli2
鈴	Nli8
铃	Nli8
鍍	NdA
镀	NdA
釗	NdL
钊	NdL
鈄	Nd6
钭	Nd6
鐺	NdT
铛	NdT
鐙	Nd8
镫	Nd8
鐽	Ndia
𫟼	Ndia
鋀	Ndi6
釘	Ndi8
钉	Ndi8
䥝	Ntvio
銻	NtE
锑	NtE
釷	NtA
钍	NtA
鏜	NtT
镗	NtT
銅	Nt3
铜	Nt3
鈿	Ntie
钿	Ntie
鈦	NtiY
钛	NtiY
鋌	Nti8
铤	Nti8
錮	Nga
锢	Nga
鎶	Nge
鿔	Nge
鈷	NgA
钴	NgA
鎬	NgL
镐	NgL
鈎	Ng6
钩	Ng6
鉗	Ng2
钳	Ng2
鋼	NgT
钢	NgT
鉻	Ngie
铬	Ngie
鋯	NgiL
锆	NgiL
鉤	Ngi6
釧	NgiV
钏	NgiV
鏗	Nko
铿	Nko
鋻	NkoH
鐦	NkY
锎	NkY
銬	NkL
铐	NkL
釦	Nk6
鈧	NkT
钪	NkT
錹	Nk8
钶	Nkie
鐲	NkiA
镯	NkiA
鏮	NkiT
鈥	Nho
钬	Nho
𨭆	NhE
𬭶	NhE
銗	Nh6
鋐	Nh3
𬭎	Nh3
鍭	Nhi6
𬭤	Nhi6
䥑	N4uY
鿏	N4uY
錒	N4a
锕	N4a
鍔	N4o
锷	N4o
鈇	N4ia
𫓧	N4ia
釜	N4iA
鎄	N4iY
锿	N4iY
𨭎	N5o
𬭳	N5o
釔	N5E
钇	N5E
鐿	N5L
镱	N5L
鍕	N58
鈊	N53
鉅	N5V
钜	N5V
鎸	N5ie
镌	N5ie
鎰	N5iY
镒	N5iY
錫	N5iT
锡	N5iT
鋅	N5i3
锌	N5i3
鑪	Nva
𬬻	Nva
鏴	Nvo
錀	Nv8
𬬭	Nv8
鐮	Nvi2
镰	Nvi2
钿	NFe
鈺	NFY
钰	NFY
鍛	NF2
锻	NF2
鐓	NF8
镦	NF8
銱	NFiL
铞	NFiL
鋱	N7e
铽	N7e
釴	N7eH
𬬩	N7eH
鐔	N72
镡	N72
鍺	N7ie
锗	N7ie
鋥	NB8
锃	NB8
銈	NBV
𫓯	NBV
鉏	NBiL
鋤	NBiL
锄	NBiL
銙	Nca
鏽	Nc6
鑧	Nc2
錕	Nc8
锟	Nc8
鏃	Ncia
镞	Ncia
䥇	Ncie
䦂	Ncie
䦅	Nci2
鏵	Nfa
铧	Nfa
鈁	NfT
钫	NfT
錵	Nfia
鐇	Nfi2
𫔍	Nfi2
鍠	NfiT
锽	NfiT
及	Na
帺	Nap
其	NaH
基	Nad
箕	Na2
吉	No
磜	Nos
𮀔	Nos
祭	NoH
瘵	Not
穄	Noh
鰶	NoB
𬶭	NoB
漈	NoE
傺	NoV
际	No1
際	No1
角	Ne
藉	Ney
唶	Neo
借	NeV
疑	NE
跡	NEz
蹟	NEz
迹	NEz
碛	NEs
磧	NEs
勣	NEl
𪟝	NEl
积	NEh
積	NEh
廭	NE5
襀	NEu
𫌀	NEu
績	NEa
绩	NEa
句	NA
巈	NAw
鞠	NAx
菊	NAy
匊	NAH
曲	NAh
麴	NAh
麹	NAh
椈	NAc
婅	NAA
掬	NA8
矣	NY
藉	NYy
耤	NYH
籍	NY2
齊	NL
齐	NL
蹙	NLD
顣	NLr
戚	NLH
墄	NLd
槭	NLc
嘁	NLo
慽	NLY
摵	NL8
傶	NLV
气	N6
気	N6
氣	N6
岓	N6w
蕲	N6y
蘄	N6y
頎	N6r
颀	N6r
圻	N6d
祈	N6u
听	N6o
沂	N6E
戒	N2
蓆	N2y
席	N2H
褯	N2u
宜	NT
熙	NTx
茝	NTy
頤	NTr
颐	NTr
𦣞	NTH
宧	NTf
姬	NTA
井	N8
菁	N8y
䴖	N8n
锖	N8N
精	N8h
鼱	N8v
靖	N8f
腈	N8e
婧	N8A
箐	N82
睛	N8T
靓	N8TH
靚	N8TH
儬	N8V
尽	N3
盡	N3
飲	N3r
饮	N3r
今	N3H
酓	N34
盦	N344
㜝	N3'4A
矜	N37
衿	N3u
妗	N3A
一	NV
巾	NVH
冀	N1
蒺	N1y
疾	N1H
嫉	N1A
己	Nia
屐	Niap
岐	Niaw
歧	NiaD
妓	NiaA
技	Nia8
伎	NiaV
季	Nio
輯	Nioq
辑	Nioq
葺	Nioy
咠	NioH
戢	Niol
蕺	Nioly
楫	Nioc
緝	Nioa
缉	Nioa
揖	Nio8
偮	NioV
爵	Nie
匷	Niem
矍	NieH
䦆	NieN
彏	Niel
蠼	Niek
玃	Niev
灈	NieE
戄	NieY
攫	Nie8
𨟠	Nie1
渠	NiA
岨	NiAw
齟	NiAj
龃	NiAj
苴	NiAy
雎	NiAn
砠	NiAs
且	NiAH
坥	NiAd
疽	NiAt
駔	NiAg
驵	NiAg
狙	NiAv
咀	NiAo
沮	NiAE
怚	NiAY
即	NiY
羁	NiYx4
羈	NiYx4
䓫	NiYy
踦	NiYD
奇	NiYH
剞	NiYl
犄	NiYg
騎	NiYg
骑	NiYg
畸	NiY4
寄	NiYf
妻	NiL
蓍	NiLy
耆	NiLH
鰭	NiLB
鳍	NiLB
榰	NiLc
嗜	NiLo
愭	NiLY
奇	Ni6
齔	Ni6j
七	Ni6H
柒	Ni6c
叱	Ni6o
㲺	Ni6E
安	Ni2
暗	Ni2b
黯	Ni2bH
闇	Ni2m
萻	Ni2y
罯	Ni24
腤	Ni2e
㛺	Ni2A
揞	Ni28
偣	Ni2V
諳	Ni2i
谙	Ni2i
以	NiT
貽	NiTx
贻	NiTx
冶	NiTE
怡	NiTY
飴	NiTL
饴	NiTL
佁	NiTV
詒	NiTi
诒	NiTi
景	Ni8
静	Ni8h
瀞	Ni8'hE
竫	Ni8f
净	Ni8E
浄	Ni8E
婙	Ni8A
京	Ni3
堇	Ni3H
勤	Ni3l
墐	Ni3d
殣	Ni3t
廑	Ni35
厪	Ni35H
槿	Ni3c
嫤	Ni3A
慬	Ni3Y
饉	Ni3L
馑	Ni3L
覲	Ni3T
觐	Ni3T
瑾	Ni33
仅	Ni3V
僅	Ni3V
鄞	Ni31
謹	Ni3i
谨	Ni3i
医	NiV
翼	NiVn
异	NiVH
異	NiVH
廙	NiV5
潩	NiVE
勃	lbo
刨	lbL
劈	lpa
剽	lpiL
勡	lpiLH
勉	lmi2
刡	lmi8
劢	lw2
勱	lw2
刎	lw8
勜	lw3
剜	lwi2
劂	ljue
勼	lju6
劵	lju2
勌	lju2H
剪	ljuV
剧	ljA
劤	lj3
勥	lqT
穹	lq3
宆	lq3H
勨	lxuT
削	lxL
戥	lx8
匈	lx3
刖	lyue
勇	lyu3
勈	lyu3
剡	lyuV
勚	lno
勩	lno
戕	lzuT
戠	lzE
弨	lzL
战	lz2
张	lzT
張	lzT
创	lDuT
創	lDuT
賊	lDe
贼	lDe
弛	lDE
篡	lsu2
刹	lsa
匙	lsE
弭	lre
刵	lreH
刈	lH4Y
劕	lHE
筋	lNe
刑	lN8
弌	lNV
弶	lNi3
勍	lNi3H
剝	llA
剥	llA
勑	llY
嬲	ll2
劽	llie
剫	ldA
戳	ld1
剁	ldio
刟	ldiL
剅	ldi6
弤	ldiT
剃	ltE
弢	ltL
勭	lti3
彁	lge
戨	lgeH
刚	lgT
剛	lgT
功	lg3
划	lgV
勂	lgiL
剋	lke
勀	lkeH
弎	lk2
班	lkio
勘	lki2
戡	lki2H
罚	lhua
罰	lhua
飭	lhuT
饬	lhuT
剨	lh1
割	lhiY
刽	lhiV
劊	lhiV
弍	l42
貳	l42
贰	l42
刜	l4iL
乳	l4iT
励	lvY
勵	lvY
勴	lvia
劆	lvi2
甸	lFe
刦	lFiV
刧	lFiV
劫	lFiV
别	lBiY
刳	lca
劻	lcT
剩	lc3
戣	lciV
剕	lfV
勫	lfi2
剌	la
颯	lab
飒	lab
鞡	lax
菈	lay
砬	las
垃	lad
柆	lac
啦	lao
拉	la8
罗	lo
羅	lo
峈	low
輅	loq
辂	loq
烙	lox
落	loy
雒	lon
硌	los
垎	lod
駱	log
骆	log
酪	lo4
絡	loa
络	loa
咯	loo
洛	loE
洜	loEH
餎	loL
饹	loL
珞	lo3
詻	loi
乐	le
樂	le
艻	ley
劣	let
牞	leg
叻	leo
肋	lee
氻	leE
泐	leE1
玏	le3
仂	leV
阞	le1
里	lE
釐	lEr
李	lEH
剺	lEl
漦	lEE
嫠	lEA
孷	lEV
录	lA
卤	lAH
鹵	lAH
塷	lAd
卣	lAo
蓏	lAoy
窳	lAof
滷	lAE
來	lY
来	lY
吏	lYH
事	lY8
剚	lY8l
倳	lY8V
使	lYV
老	lL
崂	lLw
嶗	lLw
劳	lLH
勞	lLH
鐒	lLN
铹	lLN
𡑍	lLd
𫭼	lLd
痨	lLt
癆	lLt
犖	lLg
荦	lLg
憥	lLF
耢	lL7
耮	lL7
橯	lLc
唠	lLo
嘮	lLo
朥	lLe
涝	lLE
澇	lLE
憦	lLY
捞	lL8
撈	lL8
僗	lLV
娄	l6
婁	l6
屚	l6H
漏	l6E
陋	l61
男	l2
烂	l2x
爛	l2x
爤	l2x
兰	l2y
蘭	l2y
斓	l2r
斕	l2r
闌	l2H
阑	l2H
鑭	l2N
镧	l2N
栏	l2c
欄	l2c
襕	l2u
襴	l2u
囒	l2o
澜	l2E
瀾	l2E
灡	l2E
孄	l2A
籣	l22
拦	l28
攔	l28
讕	l2i
谰	l2i
郎	lT
㫰	lTb
閬	lTm
阆	lTm
崀	lTw
烺	lTx
莨	lTy
硠	lTs
斏	lTr
欴	lTrH
鋃	lTN
锒	lTN
勆	lTl
埌	lTd
稂	lTh
狼	lTv
桹	lTc
哴	lTo
朖	lTe
浪	lTE
蒗	lTEy
筤	lT2
琅	lT3
俍	lTV
禀	l8
𬙙	l8H
塄	l8d
楞	l8c
愣	l8Y
龍	l3
龙	l3
弄	l3H
梇	l3c
哢	l3o
雷	lV
靁	lV
类	lVH
類	lVH
頪	lVh
纇	lVa
旅	l1
𤔔	l1H
乱	l1l
亂	l1l
覶	l1T
覼	l1T
系	lia
邋	liaz
鼠	liaH
鑞	liaN
镴	liaN
蜡	liak
蠟	liak
腊	liae
臘	liae
擸	lia8
儠	liaV
吝	lio
鏍	lioN
镙	lioN
騾	liog
骡	liog
螺	liok
裸	liou
漯	lioE
摞	lio8
捰	lio8H
倮	lioV
列	lie
鬣	liej
躐	lieD
巤	lieH
猎	liev
獵	liev
鱲	lieB
𫚭	lieB
儠	lieV
慮	liA
虑	liA
賂	liAx
赂	liAx
略	liA4
撂	liA8
賴	liY
赖	liY
𨑰	liYz
歹	liYH
死	liYt
了	liL
暸	liLb
屪	liLp
嶛	liLw
嶚	liLwH
燎	liLx
鷯	liLn
鹩	liLn
遼	liLz
蹽	liLD
尞	liLH
鐐	liLN
镣	liLN
療	liLt
獠	liLv
橑	liLc
寮	liLf
繚	liLa
缭	liLa
嘹	liLo
潦	liLE
嫽	liLA
憭	liLY
簝	liL2
瞭	liLT
撩	liL8
僚	liLV
留	li6
硫	li6s
㐬	li6H
鋶	li6N
锍	li6N
醯	li644
橀	li64c
旒	li6f
旈	li6fH
流	li6E
蓅	li6Ey
鎏	li6EN
瑬	li6E3
琉	li63
巯	li6i
巰	li6i
连	li2
連	li2
匳	li2m
奁	li2m
奩	li2m
蔹	li2y
蘞	li2y
敛	li2r
斂	li2r
潋	li2'rE
瀲	li2'rE
殓	li2t
殮	li2t
脸	li2e
臉	li2e
良	liT
晾	liTb
辌	liTq
椋	liTc
綡	liTa
𫟅	liTa
凉	liTE
涼	liTEH
掠	liT8
倞	liTV
諒	liTi
谅	liTi
令	li8
晽	li8b
焚	li8x
菻	li8y
林	li8H
榃	li84
森	li8c
冧	li8f
彬	li8a
𬘭	li8aH
啉	li8o
淋	li8E
婪	li8A
漤	li8AE
霖	li86
箖	li82
琳	li83
郴	li81
隆	li3
菌	li3y
囷	li3H
䐃	li3e
畾	liV
耒	liVH
洡	liVE
䣂	liV1
誄	liVi
诔	liVi
垹	dbT
坺	dbia
埠	dbiA
壁	dbi6
坢	dbiT
垪	dbi3
坯	dpE
𡎚	dpi2
垧	dpiT
坪	dpi8
塻	dmo
坶	dmA
墁	dm2
奅	dmiT
堳	dmiV
坞	dwA
塢	dwA
墲	dw6
𪢸	dw6
塕	dw3
埦	dwi2
坟	dwi8
堀	djuo
鿍	djuT
境	dj8
圲	dq2
坹	dxuY
墟	dxA
垭	dyua
埡	dyua
塬	dyu2
垟	dyuT
埇	dyu3
圩	dyA
埏	dyY
㙘	dyL
萨	dnue
薩	dnue
埝	dnu2
坭	dnE
埑	dzue
垞	dzuY
垗	dzuL
塼	dzu2
墫	dzu8
塦	dDue
埰	dDuY
堾	dDu8
墔	dDuV
地	dDE
城	dD8
埵	dDV
塑	dsuo
埽	dsL
圸	ds2
坤	ds8
墅	druY
圵	drT
塎	dr3
堽	dHgT
址	dHu6
垐	dHuV
埴	dH6
圾	dNa
埃	dNY
坓	dN8
型	dN8
堲	dNiY
埼	dNi6
垵	dNi2
墈	dlki2
塿	dl6
𪣻	dl6
垄	dl3
垅	dl3
壟	dl3
壠	dl3
塯	dli6
坽	dli8
垒	dliV
壘	dliV
地	dde
垈	ddY
垱	ddT
壋	ddT
墱	dd8
埬	dd3
垯	ddia
墶	ddia
垛	ddio
毐	ddiA
墆	ddiY
坻	ddiT
圢	ddi8
坼	dto
坍	dte
坮	dtY
塪	dtL
垌	dt3
垍	dt1
堍	dtiA
塘	dtiT
堌	dga
坩	dg2
堈	dgT
坸	dgi6
埂	dgi8
圳	dgiV
坑	dkT
埪	dk3
埗	dkia
坷	dkie
堪	dki2
𡐓	dkiT
垡	dha
壕	dhL
垕	dh6
垾	dh2
垳	dhT
垀	dhiA
堠	dhi6
圯	d4uV
堮	d4o
墺	d4L
襖	d4L
垘	d46
垺	d4iT
墀	d56
埸	d5iT
垆	dva
壚	dva
塱	dvT
埨	dv8
𫭢	dv8
塵	dvio
尘	dvio
墼	dvie
塛	dviL
坜	dvi6
壢	dvi6
塨	dFgi3
塅	dF2
墩	dF8
墪	dF8
坠	dFV
墜	dFV
壂	dFie
塸	dFi6
𫭟	dFi6
㙦	d77io
坳	d76
墰	d72
坉	d78
堉	d7iT
坬	dBa
垙	dBT
埕	dB8
堏	dcfT
垮	dca
塖	dc3
塾	dciL
塐	dci6
墡	dci2
圹	dciT
壙	dciT
圮	dfE
坊	dfT
埅	dfT
坋	df8
墦	dfi2
埲	dfi3
大	da
鞳	dax
荅	daH
剳	dal
劄	dal
瘩	dat
褡	dau
嗒	dao
答	da2
搭	da8
撘	da8
多	do
柮	doc
咄	doo
詘	doi
诎	doi
旳	de
的	de
峌	dew
垤	ded
耊	det
耋	det
咥	deo
恎	deY
帝	dE
崼	dEw
堤	dEd
提	dE8
度	dA
黩	dAb
黷	dAb
牍	dAp
牘	dAp
匵	dAm
贖	dAx
赎	dAx
鑟	dAN
犊	dAg
犢	dAg
椟	dAc
櫝	dAc
窦	dAf
竇	dAf
續	dAa
续	dAa
渎	dAE
瀆	dAE
嬻	dAA
讀	dAi
读	dAi
讟	dAii
𮙋	dAii
代	dY
迨	dYz
殆	dYt
怠	dYF
枲	dYc
紿	dYa
绐	dYa
眙	dYT
刀	dL
艏	dLq
道	dLz
导	dLr
導	dLr
首	dLH
馗	dLh
檤	dLc
噵	dLo
斗	d6
鬥	d6
蔸	d6y
兜	d6H
橷	d6c
篼	d62
旦	d2
匰	d2m
燀	d2x
𬊤	d2x
䃅	d2s
磾	d2s
单	d2H
單	d2H
弹	d2l
彈	d2l
戰	d2lH
墠	d2d
𫮃	d2d
殚	d2t
殫	d2t
瘅	d2tH
癉	d2tH
觯	d27
觶	d27
堃	d2fT
惮	d2Y
憚	d2Y
箪	d22
簞	d22
掸	d28
撣	d28
僤	d2V
𫢸	d2V
郸	d21
鄲	d21
当	dT
當	dT
党	dTH
黨	dTH
钂	dTN
镋	dTN
欓	dTc
𣗋	dTc
傥	dTV
儻	dTV
讜	dTi
谠	dTi
登	d8
鼎	d8H
鼑	d8l
濎	d8E
东	d3
東	d3
峒	d3w
峝	d3w
硐	d3s
戙	d3l
垌	d3d
胴	d3e
洞	d3E
姛	d3A
恫	d3Y
挏	d38
侗	d3V
弟	dV
薱	dVy
对	dVH
對	dVH
対	dVd
怼	dVF
懟	dVF
翟	d1
狄	d1s
祝	d1u
呪	d1o
咒	d1o
达	dia
達	dia
靼	diax
炟	diaxH
呾	diao
妲	diaA
怛	diaY
笪	dia2
朵	dio
叕	dioH
剟	diol
㙍	diod
裰	diou
掇	dio8
爹	die
牒	diep
幉	diepH
叶	diey
葉	diey
蹀	dieD
碟	dies
枼	dieH
堞	died
蝶	diek
鰈	dieB
鲽	dieB
楪	diec
喋	dieo
渫	dieE
惵	dieY
䈎	die2
揲	die8
諜	diei
谍	diei
毋	diA
芏	diAy
荰	diAy
𨧀	diAN
𬭊	diAN
杜	diAc
肚	diAe
带	diY
帶	diY
曃	diYb
逮	diYz
隶	diYH
埭	diYd
棣	diYc
隸	diYu
叇	diY6
刁	diL
雕	diLn
鵰	diLn
碉	diLs
蜩	diLk
鯛	diLB
鲷	diLB
椆	diLc
奝	diLf
彫	diLa
凋	diLE
簓	diL2
琱	diL3
調	diLi
调	diLi
豆	di6
丢	di6H
銩	di6N
铥	di6N
厾	di6l
顛	di2
颠	di2
昳	di2b
迭	di2z
跌	di2D
柣	di2c
泆	di2E
怢	di2Y
瓞	di22
氐	diT
菪	diTy
趤	diTD
宕	diTH
丁	di8
𤊟	di8x
萣	di8y
碇	di8s
定	di8H
錠	di8N
锭	di8N
靛	di8h
椗	di8c
綻	di8a
绽	di8a
啶	di8o
腚	di8e
淀	di8E
聢	di8T
掟	di88
琔	di83
諚	di8i
冬	di3
董	di3y
嬞	di3A
懂	di3Y
店	diV
奌	diVb
点	diVb
點	diVb
扂	diVp
跕	diVD
丶	diVH
坫	diVd
痁	diVt
黇	diVh
敁	diV7
嚸	diVo
玷	diV3
疤	tba
毙	tbE
毖	tb6
瘢	tb2
魃	tbia
瘪	tbi2
癟	tbi2
殡	tbi8
殯	tbi8
癖	tpa
痞	tpia
丑	tpiV
醜	tpiV
瘼	tmo
耄	tmL
痿	twV
痦	twi6
痂	tja
疖	tjo
癤	tjo
尬	tje
疥	tjeH
疚	tj6
痊	tqu2
㾜	tqa
殏	tq6
歼	tq2
廯	txuo
癣	txuo
癬	txuo
痚	txuL
殉	txu8
魈	txL
痖	tyua
瘂	tyua
疫	tyuE
痒	tyuT
癢	tyuT
魂	tyu8
疨	tya
疣	ty6
殃	tyT
痈	ty3
瘾	tnuo
癮	tnuo
癑	tn3
痄	tza
痮	tzT
症	tz8
疮	tDuT
瘡	tDuT
瘥	tDo
瘆	tD2
瘮	tD2
疭	tD3
瘲	tD3
尥	tsuL
瘦	ts6
疝	ts2
丧	tsT
喪	tsT
䰠	ts8
癥	trz8
聻	tre
㾒	trA
癌	tHyuY
瘿	tHu3
癭	tHu3
痴	tHa
痓	tHY
殖	tH6
弑	tHT
疵	tHV
癡	tNE
痀	tNA
殪	tNV
瘌	tla
瘘	tl6
瘻	tl6
癝	tl8
癗	tlV
癞	tliY
癩	tliY
疗	tliL
瘤	tli6
癃	tli3
瘰	tliV
瘗	tdqa
瘞	tdqa
疸	td2
痘	tdi6
癫	tdi2
癲	tdi2
疷	tdiT
疔	tdi8
疼	tdi3
瘫	tt2
癱	tt2
痜	tti6
痼	tga
疳	tg2
尳	tgiA
靠	tgiL
耇	tgi6
耈	tgi6
耉	tgi6
疰	tka
癍	tkio
疴	tkie
疢	tho
亳	thL
疺	thia
瘊	thi6
殛	t4uE
瘠	t4T
殍	t4iT
癔	t5L
疠	tvY
癘	tvY
痢	tvV
麀	tvio
疬	tvi6
癧	tvi6
魉	tviT
魎	tviT
魑	tviV
癜	tFie
癒	t7o
瘀	t7iL
殂	tBiL
瘯	tcia
痪	tfY
瘓	tfY
疯	tf3
瘋	tf3
痱	tfV
殙	tfi8
沓	ta
阘	tam
毾	taj
遢	taz
蹋	taD
𦐇	taH
塌	tad
鰨	taB
鳎	taB
榻	tac
褟	tau
溻	taE
傝	taV
斥	to
迤	toz
㐌	toH
胣	toe
沲	toE
拖	to8
丹	te
昙	teH
曇	teH
坛	ted
壜	ted
罎	te7
弟	tE
踢	tED
剔	tEl
惖	tEF
惕	tEY
土	tA
圡	tA
峹	tAw
嵞	tAww
荼	tAy
途	tAz
駼	tAg
𬳿	tAg
唋	tAo
涂	tAE
塗	tAEd
台	tY
臺	tY
冭	tYH
泰	tYH
溙	tYE
㥭	tYY
傣	tYV
舀	tL
萄	tLy
匋	tLH
騊	tLg
𫘦	tLg
綯	tLa
绹	tLa
啕	tLo
淘	tLE
掏	tL8
陶	tL1
头	t6
骰	t6j
夃	t6H
羖	t6g
股	t6e
投	t68
难	t2
難	t2
毯	t2j
锬	t2N
埮	t2d
痰	t2t
掞	t28
倓	t2V
郯	t21
談	t2i
谈	t2i
坣	tT
堂	tT
趟	tTD
躺	tTDH
劏	tTl
淌	tTE
惝	tTY
倘	tTV
亭	t8
幐	t8p
藤	t8y
朕	t8H
勝	t8l
胜	t8l
塍	t8d
腾	t8g
騰	t8g
驣	t8g
螣	t8k
䲢	t8B
縢	t8a
滕	t8E
漛	t8EE
媵	t8A
籐	t82
儯	t8V
誊	t8i
謄	t8i
同	t3
熥	t3x
通	t3z
痛	t3t
桶	t3c
嗵	t3o
捅	t38
彖	tV
苑	tVy
鴛	tVn
鸳	tVn
夗	tVH
怨	tVF
宛	tVf
眢	tVT
自	t1
昃	t1b
厶	t1s
仄	t1H
替	tia
𲎿	tiax
鉈	tiaN
铊	tiaN
牠	tiag
它	tiaf
祂	tiau
咜	tiao
她	tiaA
他	tiaV
妥	tio
岮	tiow
鴕	tion
鸵	tion
跎	tioD
砣	tios
鉈	tioN
铊	tioN
坨	tiod
駝	tiog
驼	tiog
鮀	tioB
𬶍	tioB
柁	tioc
咜	tioo
沱	tioE
拕	tio8
佗	tioV
陀	tio1
田	tie
帖	tiep
貼	tiex
贴	tiex
萜	tiey
跕	tieD
呫	tieo
怗	tieY
兔	tiA
葖	tiAy
突	tiAH
凸	tiAd
堗	tiAdH
湥	tiAE
太	tiY
燏	tiYx
鷸	tiYn
鹬	tiYn
遹	tiYz
矞	tiYH
鐍	tiYN
𫔎	tiYN
橘	tiYc
噊	tiYo
潏	tiYE
譎	tiYi
谲	tiYi
条	tiL
條	tiL
晀	tiLb
跳	tiLD
頫	tiLr
𫖯	tiLr
聎	tiLH
庣	tiL5
窕	tiLf
宨	tiLfH
祧	tiLu
絩	tiLa
朓	tiLe
恌	tiLY
眺	tiLT
挑	tiL8
佻	tiLV
秃	ti6
鞮	ti6x
徥	ti6z
踶	ti6D
題	ti6r
题	ti6r
騠	ti6g
𫘨	ti6g
醍	ti64
褆	ti6u
緹	ti6a
缇	ti6a
媞	ti6A
提	ti68
瑅	ti63
偍	ti6V
天	ti2
铦	ti2N
栝	ti2c
湉	ti2E
恬	ti2Y
甛	ti2L
甜	ti2L
餂	ti2L
唐	tiT
烫	tiTx
燙	tiTx
荡	tiTy
蕩	tiTy
砀	tiTs
碭	tiTs
汤	tiTH
湯	tiTH
鐋	tiTN
铴	tiTN
啺	tiTo
餳	tiTL
饧	tiTL
摥	tiT8
璗	tiT3
𬍡	tiT3
偒	tiTV
廷	ti8
耿	ti8x
蛏	ti8k
蟶	ti8k
町	ti84
甼	ti84
厅	ti85
廰	ti85
廳	ti85
柽	ti8c
檉	ti8c
听	ti8o
聴	ti8o
聽	ti8o
汀	ti8E
圣	ti8T
聖	ti8T
童	ti3
夤	ti3b
寅	ti3H
戭	ti3l
𬙂	ti3a
演	ti3E
袁	tiV
垸	tiVd
院	tiV1
駓	gpE
𬳵	gpE
騁	gp1
骋	gp1
驃	gpiL
骠	gpiL
騙	gpi2
骗	gpi2
犏	gpi2H
蓦	gmo
驀	gmo
牳	gmA
牦	gmL
物	gw8
牾	gwi6
馼	gwi8
𫘜	gwi8
犍	gjuY
駕	gja
驾	gja
羑	gj6
騏	gqE
骐	gqE
犟	gqT
駪	gx2
𬳽	gx2
驍	gyuL
骁	gyuL
羱	gyu2
騵	gyu2H
𫘪	gyu2H
駰	gy8
骃	gy8
䯀	gne
䯅	gne
牂	gzuT
駲	gz6
羞	gDu6
驄	gDu3
骢	gDu3
馳	gDE
驰	gDE
驂	gD2
骖	gD2
骦	gsuT
牲	gsu3
騲	gruL
駬	gre
馹	grE
驲	grE
騥	gr6
駟	gHe
驷	gHe
牸	gHL
駒	gNA
驹	gNA
驥	gN1
骥	gN1
卿	gNiY
騎	gNi6
骑	gNi6
𫘧	glA
騮	gli6
骝	gli6
羚	gli8
馱	gda
驮	gda
牮	gdY
羝	gdiT
牡	gtA
駘	gtY
骀	gtY
牯	ggA
犒	ggL
犅	ggT
騍	ggio
骒	ggio
駐	gka
驻	gka
㹂	gko
羫	gk3
驚	gki8
駭	ghY
骇	ghY
𬴃	gh1
騭	g4uo
骘	g4uo
馭	g4i6
驭	g4i6
駙	g4i3
驸	g4i3
牺	g5a
𫘬	g5i6
騂	g5i3
骍	g5i3
犋	g5iV
驢	gva
驴	gva
犁	gvV
驪	gviY
骊	gviY
犜	gF8
駆	gFi6
驅	gFi6
驱	gFi6
驏	gBie
骣	gBie
驌	gc6
骕	gc6
騸	gcie
骟	gcie
骙	gciV
驊	gfa
骅	gfa
牥	gfT
羒	gf8
騑	gfV
𬴂	gfV
固	ga
鼓	gaH
臌	gae
瞽	gaT
囯	go
囻	go
国	go
國	go
过	goz
過	goz
呙	goH
咼	goH
鍋	goN
锅	goN
埚	god
堝	god
楇	goc
祸	gou
禍	gou
脶	goe
腡	goe
濄	goE
哥	ge
屹	gew
齕	gej
龁	gej
矻	ges
圪	ged
疙	get
虼	gek
犵	gev
杚	gec
紇	gea
纥	gea
扢	ge8
仡	geV
关	gE
關	gE
燦	gEx
薒	gEy
羡	gEyY
粲	gEH
澯	gEE
餐	gEL
爘	gELx
璨	gE3
儏	gEV
古	gA
毂	gAq
轂	gAq
壳	gAn
殻	gAn
𣪊	gAH
彀	gAl
穀	gAh
谷	gAh
悫	gAF
慤	gAF
觳	gA7
榖	gAc
縠	gAa
嗀	gAo
濲	gAE
瀔	gAE
既	gY
晐	gYb
峐	gYw
賅	gYx
赅	gYx
荄	gYy
垓	gYd
畡	gY4
絯	gYa
姟	gYA
侅	gYV
陔	gY1
該	gYi
该	gYi
高	gL
杲	gLb
羹	gLx
羔	gLH
羙	gLH
糕	gLh
榚	gLc
禚	gLu
溔	gLE
勾	g6
煹	g6x
購	g6xH
遘	g6z
冓	g6H
耩	g6h
斠	g67
構	g6c
溝	g6E
媾	g6A
篝	g62
覯	g6T
觏	g6T
搆	g68
簼	g682
傋	g6V
講	g6i
甘	g2
贛	g2H
赣	g2H
戆	g2F
戇	g2F
灨	g2E
冈	gT
岡	gT
矼	gTs
釭	gTN
疘	gTt
缸	gT7
杠	gTc
肛	gTe
冮	gTE
扛	gT8
艮	g8
賡	g8x
赓	g8x
焿	g8xH
菮	g8y
鶊	g8n
鹒	g8n
庚	g8H
椩	g8c
掶	g88
工	g3
芎	g3y
躬	g3D
弓	g3H
宫	g3f
戈	gV
戛	gVH
嘎	gVo
嘠	gVo
玍	gVo
尜	gVV
尕	gV1
葛	g1
䴘	g1n
鷉	g1n
遞	g1z
磃	g1s
虒	g1H
褫	g1u
篪	g12
搋	g18
傂	g1V
賈	gia
贾	gia
顧	giar
顾	giar
雇	giaH
寡	giaf
僱	giaV
果	gio
崞	giow
鞹	giox
郭	gioH
墎	giod
廓	gio5
虢	giov
㶁	gio'vE
椁	gioc
槨	gioc
漷	gioE
霩	gio6
各	gie
閤	giem
鴿	gien
鸽	gien
合	gieH
匌	giel
蛤	giek
秴	gieh
給	giea
给	giea
搿	gie8
佮	gieV
骨	giA
菰	giAy
觚	giA7
柧	giAc
窊	giAf
呱	giAo
泒	giAE
孤	giAV
已	giY
丐	giYH
鈣	giYN
钙	giYN
告	giL
皞	giLb
韟	giLp
翱	giLn
鷎	giLnH
皋	giLH
獔	giLv
槔	giLc
嗥	giLo
睾	giLe
滜	giLE
句	gi6
茩	gi6y
垢	gi6d
姤	gi6A
詬	gi6i
诟	gi6i
干	gi2
敢	gi2H
橄	gi2c
澉	gi2E
巷	giT
送	giTz
鎹	giTN
餸	giTL
更	gi8
暅	gi8b
亘	gi8H
亙	gi8H
刯	gi8l
絙	gi8a
絚	gi8a
緪	gi8aY
堩	gi8Yd
共	gi3
公	gi3H
蚣	gi3k
川	giV
尻	giVp
匦	giVm
匭	giVm
軌	giVq
轨	giVq
簋	giV4
宄	giVf
氿	giVE
蚆	kba
螌	kb2
蝙	kbi2
蟠	kp2
螃	kpT
蟛	kp8
螵	kpiL
蚲	kpi8
蚂	kma
螞	kma
蟆	kmo
蛑	km6
蟒	kmT
閩	km8
闽	km8
蠓	km3
蟊	kmiY
虿	kw2
蠆	kw2
蜿	kwi2
蚊	kwi8
哿	kja
蚧	kje
虮	kjE
蟣	kjE
蛟	kjL
蚬	kjV
蜆	kjV
蜣	kquT
蜞	kqE
蜻	kq8
蟓	kxuT
虾	kxa
蟹	kxe
蚰	kyu6
螈	kyu2
蛘	kyuT
蛹	kyu3
蚜	kya
蜒	kyY
疍	kyYH
蛋	kyYH
蛳	knuV
螄	knuV
蝻	kn2
蜇	kzue
蚱	kza
蛛	kzA
螥	kDuT
蝽	kDu8
蠢	kDu8H
蠈	kDe
螬	kDL
蟀	ksuY
蜕	ksuV
螋	ks6
蝾	kru3
蠑	kru3
蝚	kr6
蚺	kr2
蚋	krV
蟾	kHu2
蜘	kHa
蛭	kHY
虸	kHL
蜐	klFiV
蝲	kla
蝼	kl6
螻	kl6
螂	klT
蛉	kli8
蛥	kdo
蠹	kdA
蚮	kdY
虭	kdL
蚪	kd6
蝀	kd3
𬟽	kd3
蝳	kdiA
䗖	kdiY
螮	kdiY
虰	kdi8
螽	kdi3
螳	ktT
螗	ktiT
蜓	kti8
蝈	kgo
蟈	kgo
蛄	kgA
虷	kgi2
蛀	kka
蜸	kko
蚵	kkie
蠋	kkiA
蝮	kkiY
蚀	khuT
蝕	khuT
蚝	khL
蠔	khL
蜮	khio
蚨	k4ia
蜉	k4iT
蚁	k5Y
蟻	k5Y
蜥	k5io
螠	k5iY
蜴	k5iT
蟳	k5i8
蛎	kvY
蠣	kvY
蜊	kvV
蠊	kvi2
螭	kviV
蛐	kFE
蛇	kFio
螓	kFi3
蝓	k7o
蚴	k76
蟫	k72
蜌	kBE
蜍	kBio
蟐	kBiT
蜃	kBi8
蝌	kce
蝰	kcV
蟮	kci2
蟪	kfe
蚄	kfT
蜚	kfV
蝴	kfiA
蝗	kfiT
蛔	kfiV
主	ka
卡	kaH
鉲	kaN
垰	kad
裃	kau
咔	kao
胩	kae
拤	ka8
佧	kaV
坚	ko
堅	ko
灼	kox
圴	kod
酌	ko4
克	ke
頦	ker
颏	ker
刻	kel
咳	keo
戏	kE
戯	kE
戲	kE
泣	kEE
位	kEV
库	kA
庫	kA
骷	kAj
苦	kAy
楛	kAyc
秙	kAh
狜	kAv
枯	kAc
开	kY
皑	kYb
皚	kYb
闓	kYm
闿	kYm
嵦	kYw
凯	kYn
凱	kYn
硙	kYs
磑	kYs
顗	kYr
𫖮	kYr
岂	kYH
豈	kYH
鎧	kYN
铠	kYN
剀	kYl
剴	kYl
垲	kYd
塏	kYd
呆	kYv
獃	kYv
桤	kYc
榿	kYc
恺	kYY
愷	kYY
覬	kYT
觊	kYT
隑	kY1
𬮿	kY1
考	kL
药	kLy
葯	kLy
趵	kLD
約	kLH
约	kLH
豹	kLv
犳	kLvH
哟	kLo
喲	kLo
口	k6
剾	k6l
彄	k6lH
𫸩	k6lH
眍	k6T
瞘	k6T
抠	k68
摳	k68
三	k2
軒	k2q
轩	k2q
衎	k2z
刊	k2l
䗴	k2ti8
奸	k2A
訐	k2i
讦	k2i
亢	kT
齲	kTj
龋	kTj
踽	kTD
禹	kTH
楀	kTc
竬	kTf
瑀	kT3
偊	kTV
鄅	kT1
肯	k8
龈	k8j
硍	k8s
垦	k8d
墾	k8d
貇	k8v
恳	k8F
懇	k8F
裉	k8u
珢	k83
空	k3
芤	k3y
孔	k3H
犼	k3v
吼	k3o
归	kV
歸	kV
規	kVH
规	kVH
鬶	kV7
鬹	kV7
窥	kVf
窺	kVf
韭	k1
䪥	k1x
薤	k1y
韰	k1H
瀣	k1E
㒠	k1V
步	kia
歩	kia
菩	kiay
部	kiaH
勏	kial
廍	kia5
瓿	kia7
婄	kiaA
篰	kia2
蔀	kia1y
斑	kio
闊	kiom
阔	kiom
适	kioz
懖	kioNF
蛞	kiok
秳	kioh
憩	kioF
栝	kioc
活	kioE
萿	kioEy
筈	kio2
括	kio8
葀	kio8y
佸	kioV
話	kioi
话	kioi
可	kie
髁	kiej
踝	kieD
顆	kier
颗	kier
錁	kieN
锞	kieN
堁	kied
蜾	kiek
稞	kieh
敤	kie7
棵	kiec
窠	kief
餜	kieL
馃	kieL
課	kiei
课	kiei
蜀	kiA
焅	kiAx
酷	kiA4
喾	kiAf
嚳	kiAf
捁	kiA8
俈	kiAV
复	kiY
蒈	kiYy
鍇	kiYN
锴	kiYN
勓	kiYl
楷	kiYc
揩	kiY8
笔	kiL
筆	kiL
劋	kiLl
襙	kiLu
懆	kiLY
操	kiL8
鄵	kiL1
寇	ki6
䌷	ki6a
怞	ki6Y
抽	ki68
甚	ki2
崁	ki2w
莰	ki2y
砍	ki2s
凵	ki2H
坎	ki2d
扻	ki28
康	kiT
忀	kiTz
襄	kiTH
鑲	kiTN
镶	kiTN
勷	kiTl
驤	kiTg
骧	kiTg
欀	kiTc
饟	kiTL
瓖	kiT3
儴	kiTV
敬	ki8
昕	ki8b
炘	ki8x
欣	ki8r
焮	ki8rx
鍁	ki8N
锨	ki8N
忻	ki8Y
掀	ki88
䜣	ki8i
訢	ki8i
巩	ki3
勋	ki3l
勛	ki3l
埙	ki3d
塤	ki3d
殒	ki3t
殞	ki3t
涢	ki3E
溳	ki3E
筼	ki32
篔	ki32
损	ki38
損	ki38
傊	ki3V
陨	ki31
隕	ki31
郧	ki31H
鄖	ki31H
韻	ki3i
宿	kiV
殊	kiVt
姝	kiVA
粑	hba
馞	hbo
糒	hbe
秕	hbE
馝	hb6
稗	hbV
粨	hbiY
稨	hbi2
糄	hbi2H
秚	hbiT
秣	hmio
尪	hwT
豌	hwi2
稼	hjua
穎	hqu8
颖	hqu8
糨	hqT
稀	hxE
釉	hyu6
秧	hyT
稳	hnuo
穩	hnuo
糵	hnue
粫	hnuY
稔	hnu2
籹	hnA
秾	hn3
穠	hn3
秺	hzuY
糰	hzu2
粧	hzuT
種	hzu3
粘	hz2
种	hz3
糁	hD2
糝	hD2
䅟	hD2H
穇	hD2H
赩	hsue
尦	hsuL
税	hsuV
秫	hsA
穟	hsV
糅	hr6
豉	hHua
屎	hHue
稹	hHu8
粢	hHuV
籽	hHL
秄	hHLH
稙	hH6
穱	hNie
辣	hla
粩	hlL
粮	hliT
糧	hliT
秢	hli8
夥	hdo
料	hd6
稻	htL
糛	htT
私	ht1s
糖	htiT
稒	hga
辜	hgA
稿	hgL
粿	hgio
秆	hgi2
粳	hgi8
䵖	hko
粇	hkT
馥	hkiY
糠	hkiT
穅	hkiTH
糇	hhi6
䅰	h48
麩	h4ia
麸	h4ia
艴	h4iL
稃	h4iT
粞	h5a
秬	h5V
粝	hvY
糲	hvY
麇	hvio
黐	hviV
麯	hFE
粀	hFiT
稌	h7io
赭	h7ie
訄	h7iY
糙	hBL
程	hB8
粗	hBiL
糩	hcY
赪	hci8
赬	hci8
穗	hfe
粉	hf8
秎	hf8H
糊	hfiA
詈	hua
迊	huaz
砸	huas
匝	huaH
咂	huao
沞	huaE
箍	hua8
缶	huo
踔	huoD
綽	huoa
绰	huoa
婥	huoA
斛	hue
壑	hued
濬	hueE
叡	hueT
睿	hueT
卉	huE
巂	huEH
鑴	huEN
觿	huE7
欈	huEc
孈	huEA
携	huE8
瓗	huE3
儶	huEV
酅	huE1
蔡	huY
鯇	huYB
鲩	huYB
綄	huYa
𬘫	huYa
浣	huYE
睆	huYT
貌	huL
奡	huLr
夰	huLrH
昊	huLH
淏	huLE
乞	hu6
窒	hu6H
㗧	hu6o
膣	hu6e
潌	hu6E
繁	hu2
㣣	hu2z
㪎	hu2r
㚒	hu2H
𡎶	hu2d
𡟨	hu2A
鿃	hu2T
陕	hu21
陝	hu21
𧧵	hu2i
食	huT
赴	huTD
訃	huTi
讣	huTi
品	hu8
奋	hu8H
奮	hu8H
冯	hu3
馮	hu3
轟	hu3q
轰	hu3q
鞫	hu3x
訇	hu3H
揈	hu38
毁	huV
芾	huVy
巿	huVH
杮	huVc
肺	huVe
伐	ha
鉿	haN
铪	haN
蛤	hak
哈	hao
火	ho
彟	hox
彠	hox
獲	hoy
获	hoy
鹱	hon
蒦	hoH
鑊	hoN
镬	hoN
劐	hol
蠖	hok
穫	hoh
鳠	hoB
嚄	hoo
濩	hoE
擭	ho8
護	hoi
曷	he
閡	hem
阂	hem
劾	hel
核	hec
黑	hE
赦	hEr
赤	hEH
螫	hEk
哧	hEo
赫	hE2
嚇	hE2o
郝	hE1
亥	hY
韓	hYp
韩	hYp
翰	hYn
𠦝	hYH
乾	hYl
墘	hYld
戟	hY7
幹	hYc
榦	hYc
檊	hYcc
斡	hYf
瀚	hYE
擀	hY8
豪	hL
暠	hLb
皜	hLb
蒿	hLy
翯	hLn
鎬	hLN
镐	hLN
嚆	hLo
滈	hLE
傐	hLV
鄗	hL1
后	h6
丰	h6H
豐	h6H
蚌	h6k
沣	h6E
灃	h6E
妦	h6A
玤	h63
仹	h6V
㒥	h6VH
酆	h61
旱	h2
崡	h2w
菡	h2y
函	h2H
涵	h2E
香	hT
航	hTq
苀	hTy
迒	hTz
蚢	hTk
魧	hTB
杭	hTc
斻	hTf
吭	hTo
沆	hTE
妔	hTA
笐	hT2
邟	hT1
亨	h8
鞎	h8x
很	h8z
痕	h8t
狠	h8v
哏	h8o
恨	h8Y
拫	h88
佷	h8V
詪	h8i
𬣳	h8i
厷	h3
荭	h3y
葒	h3y
鴻	h3n
鸿	h3n
項	h3r
项	h3r
虹	h3k
紅	h3a
红	h3a
叿	h3o
妅	h3A
仜	h3V
訌	h3i
讧	h3i
灰	hV
輝	hVb
辉	hVb
晖	hVbH
暉	hVbH
翚	hVn
翬	hVn
挥	hV8
揮	hV8
珲	hV3
琿	hV3
砉	h1
蚶	h1k
酣	h14
邯	h11
乏	hia
砝	hias
法	hiaE
珐	hia3
或	hio
曤	hiob
藿	hioy
霍	hioH
嚯	hioo
瀖	hioE
攉	hio8
合	hie
嗬	hie'yo
呵	hieo
河	hieE
菏	hieEy
抲	hie8
何	hieV
荷	hieVy
哬	hieVo
𧨂	hieVi
訶	hiei
诃	hiei
乎	hiA
輔	hiAq
辅	hiAq
甫	hiAH
酺	hiA4
黼	hiAu
俌	hiAV
害	hiY
烸	hiYx
塰	hiYd
嗨	hiYo
海	hiYE
侮	hiYV
虎	hiL
皓	hiLb
晧	hiLbH
牿	hiLg
浩	hiLE
澔	hiLE
悎	hiLY
聕	hiLT
侯	hi6
寽	hi6H
锊	hi6N
埒	hi6d
酹	hi64
脟	hi6e
捋	hi68
含	hi2
旰	hi2b
屽	hi2w
靬	hi2q
頇	hi2r
顸	hi2r
攼	hi2rH
厈	hi25
罕	hi2f
浫	hi2'fE
汗	hi2E
忓	hi2Y
鼾	hi2T
扞	hi28
仠	hi2V
邗	hi21
荒	hiT
磺	hiTs
黄	hiTH
鐄	hiTN
𨱑	hiTN
墴	hiTd
癀	hiTt
蟥	hiTk
横	hiTc
潢	hiTE
簧	hiT2
撗	hiT8
璜	hiT3
衡	hi8
荤	hi8y
葷	hi8y
浑	hi8E
渾	hi8E
睴	hi8T
珲	hi83
琿	hi83
諢	hi8i
诨	hi8i
弘	hi3
谼	hi3w
烘	hi3x
蕻	hi3y
鉷	hi3N
𫟹	hi3N
垬	hi3d
哄	hi3o
洪	hi3E
会	hiV
會	hiV
晦	hiVb
悔	hiVY
誨	hiVi
诲	hiVi
罘	4bA
盃	4bAH
酦	4pio
醗	4pio
醱	4pio
顰	4pi3
颦	4pi3
罵	4ma
駡	4ma
骂	4ma
亩	4mA
畂	4mA
畆	4mA
畒	4mA
畝	4mA
酶	4mV
盟	4mi3
畹	4wi2
醮	4juL
界	4je
畿	4jE
畂	4j6
酱	4jT
醬	4jT
醛	4qu2
畎	4quV
酵	4xuL
酰	4x2
醒	4x8
酗	4x3
酽	4yuY
釅	4yuY
酝	4yu8
裔	4yE
盂	4yA
罨	4y2
盎	4yT
酥	4nuE
罱	4n2
醲	4n3
𬪩	4n3
醚	4zmE
醉	4zuV
罩	4zo
賾	4ze
赜	4ze
酬	4z6
盅	4z3
鹾	4Do
酏	4DE
畴	4D6
疇	4D6
盛	4D8
畲	4se
畬	4seH
畘	4r2
酯	4HuL
畤	4HuT
嗣	4Ho
置	4H6
畊	4N8
醫	4NiV
罶	4li6
𦊓	4li8
酊	4di8
酮	4t3
酞	4tiY
醣	4tiT
酤	4gA
罟	4gAH
酐	4gi2
蠲	4kiA
覆	4kiY
燚	4ho
盔	4hV
盒	4hie
酾	4viY
釃	4viY
醨	4viV
酡	4Fio
䲜	47T
酴	47ioH
醢	47i6
畖	4Ba
酲	4B8
䣩	4B3
罣	4Bia
壶	4ca
壺	4ca
醌	4c8
蛊	4ci3
蠱	4ci3
配	4fE
畈	4f2
酚	4f8
罪	4fV
盉	4fie
醐	4fiA
杂	4ua
襍	4ua
雑	4ua
雜	4ua
䃎	4uas
奓	4uaH
偧	4uaV
徏	4uo
陟	4uo
帞	4uop
銆	4uoN
貊	4uov
絔	4uoa
陌	4uo1
倩	4ue
爚	4uex
鸙	4uen
籲	4uer
龠	4ueH
鑰	4ueN
禴	4ueu
瀹	4ueE
籥	4ue2
亟	4uE
皕	4uEH
弼	4uEl
衋	4uE4
奭	4uEf
襫	4uEu
麥	4uY
麦	4uY
躞	4uYD
燮	4uYH
𤫉	4uY3
幺	4uL
藨	4uLy
麃	4uLH
鑣	4uLN
镳	4uLN
鏖	4uLNH
穮	4uLh
膔	4uLe
瀌	4uLE
儦	4uLV
咎	4u6
卮	4u6H
栀	4u6c
衍	4u2
晚	4u2b
輓	4u2q
娩	4u2A
挽	4u28
須	4uT
须	4uT
爽	4uTH
塽	4uTd
慡	4uTY
存	4u8
鴆	4u8n
鸩	4u8n
冘	4u8H
枕	4u8c
紞	4u8a
𬘘	4u8a
沈	4u8E
忱	4u8Y
仝	4u3
碰	4u3s
並	4u3H
椪	4u3c
湴	4u3E
掽	4u38
巳	4uV
炊	4uVx
吹	4uVo
阿	4a
匣	4am
舺	4aq
炠	4ax
狎	4av
柙	4ac
呷	4ao
咢	4o
器	4oquV
垩	4od
堊	4od
恶	4oF
惡	4oF
噁	4oo
𫫇	4oo
僫	4oV
厄	4e
屙	4ep
阿	4eH
婀	4eA
艺	4E
藝	4E
賻	4Ex
赙	4Ex
盗	4EyY
敷	4Er
尃	4EH
縛	4Ea
缚	4Ea
溥	4EE
傅	4EV
艾	4Y
暧	4Yb
曖	4Yb
薆	4Yy
爱	4YH
愛	4YF
爱	4YF
嗳	4Yo
噯	4Yo
嫒	4YA
嬡	4YA
懓	4YY
叆	4Y6
靉	4Y6
瑷	4Y3
璦	4Y3
僾	4YV
奥	4L
奧	4L
凹	4LH
垇	4Ld
伏	46
鷗	46n
鸥	46n
欧	46r
歐	46r
区	46H
區	46H
殴	467
毆	467
瓯	467H
甌	467H
呕	46o
嘔	46o
沤	46E
漚	46E
怄	46Y
慪	46Y
謳	46i
讴	46i
二	42
岸	42w
屽	42wH
堓	42d
犴	42v
脊	4T
昂	4Tb
岇	4Tw
迎	4Tz
卬	4TH
枊	4Tc
仰	4TV
恩	48
莕	48y
杏	48H
淫	43
隼	43H
榫	43c
准	43E
凖	43E
準	43E
匯	4V
彙	4V
汇	4V
舂	4VH
樁	4Vc
摏	4V8
丨	41
㓹	41H
罽	414
瀱	41E
夫	4ia
鴨	4ian
鸭	4ian
庘	4ia5
押	4ia8
府	4io
皒	4iob
峨	4iow
峩	4iow
莪	4ioy
鵝	4ion
鹅	4ion
鋨	4ioN
锇	4ioN
蛾	4iok
哦	4ioo
涐	4ioE
娥	4ioA
餓	4ioL
饿	4ioL
珴	4io3
俄	4ioV
誐	4ioi
儿	4ie
囮	4iem
靴	4iex
吪	4ieo
訛	4iei
讹	4iei
父	4iA
雨	4iAH
哀	4iY
蔼	4iYy
藹	4iYy
遏	4iYz
霭	4iY6
靄	4iY6
謁	4iYi
谒	4iYi
弗	4iL
嶅	4iLw
熬	4iLx
贅	4iLxH
赘	4iLxH
遨	4iLz
敖	4iLH
鏊	4iLN
驁	4iLg
骜	4iLg
螯	4iLk
廒	4iL5
厫	4iL5H
獒	4iLv
鰲	4iLB
鳌	4iLB
嗷	4iLo
嗸	4iLo
滶	4iLE
嫯	4iLA
慠	4iLY
聱	4iLT
摮	4iL8
璈	4iL3
傲	4iLV
又	4i6
齵	4i6j
藕	4i6y
耦	4i67
腢	4i6e
偶	4i6V
弇	4i2
晻	4i2b
菴	4i2y
鵪	4i2n
鹌	4i2n
埯	4i2d
痷	4i2t
庵	4i25
裺	4i2u
唵	4i2o
俺	4i2V
孚	4iT
幅	4iTp
輻	4iTq
辐	4iTq
蔔	4iTy
逼	4iTz
畐	4iTH
鍢	4iTN
副	4iTl
匐	4iTlH
蝠	4iTk
鲾	4iTB
富	4iTf
福	4iTu
諨	4iTi
阴	4i8
陰	4i8
信	4i8i
付	4i3
硶	4i3s
岑	4i3H
埁	4i3d
梣	4i3c
涔	4i3E
笒	4i32
琌	4i33
服	4iV
報	4iVH
报	4iVH
庇	5bE
廦	5bi6
庰	5bi3
废	5pio
廃	5pio
廢	5pio
庙	5miL
庿	5miL
廟	5miL
庑	5w6
廡	5w6
庼	5qu8
廎	5qu8
厦	5xua
廈	5xua
廨	5xe
庥	5x6
厢	5xT
厊	5ya
厮	5nuT
座	5zuo
厏	5za
厍	5Due
厙	5Due
厕	5De
厠	5De
廋	5s6
庋	5Hua
庛	5HV
厘	5lE
庲	5lY
廊	5lT
廪	5l8
庞	5l3
龐	5l3
廇	5li6
廗	5diY
底	5diT
庝	5di3
庭	5ti8
厩	5gY
厚	5h6
庐	5va
廬	5va
廘	5vio
廞	5F3
𫷷	5F3
庉	578
廥	5cY
厞	5fV
西	5a
曦	5ab
爔	5ax
羲	5aH
犧	5ag
喜	5o
悉	5oH
蟋	5ok
窸	5of
省	5e
荇	5ey
行	5eH
哘	5eo
洐	5eE
乙	5E
崤	5Ew
教	5Er
爻	5EH
肴	5Ee
淆	5EeE
漖	5EE
义	5Y
義	5Y
昳	5Yb
軼	5Yq
轶	5Yq
泆	5YE
妷	5YA
佚	5YV
意	5L
尹	5LH
吚	5Lo
洢	5LE
笋	5L2
伊	5LV
咿	5LVo
犀	56
屣	56p
蓰	56y
徙	56H
献	52
獻	52
歇	52r
蝎	52k
蠍	52k
殳	5T
黟	5Tb
扅	5Tp
移	5Th
簃	5T2
军	58
軍	58
鈞	58N
钧	58N
均	58d
呁	58o
汮	58E
筠	582
心	53
昀	53b
匀	53H
鋆	53N
筠	532
盷	53T
抣	538
韵	53i
巨	5V
举	5VH
舉	5VH
榉	5Vc
櫸	5Vc
夕	5ia
嶍	5iaw
熠	5iax
习	5iaH
習	5iaH
鳛	5iaB
褶	5iau
折	5ia8
摺	5ia8
析	5io
熻	5iox
歙	5ior
翕	5ioH
噏	5ioo
嬆	5ioA
嶲	5ie
隽	5ie
跩	5ieD
曳	5ieH
曵	5ieH
栧	5iec
洩	5ieE
拽	5ie8
益	5iY
峄	5iYw
嶧	5iYw
鐸	5iYN
铎	5iYN
驛	5iYg
驿	5iYg
繹	5iYa
绎	5iYa
怿	5iYY
懌	5iYY
譯	5iYi
译	5iYi
亦	5iL
邑	5iLH
裛	5iLu
唈	5iLo
浥	5iLE
悒	5iLY
挹	5iL8
奚	5i6
焟	5i6x
昔	5i6H
惜	5i6Y
桀	5i2
晶	5i2H
易	5iT
猗	5iTv
椅	5iTc
漪	5iTE
倚	5iTV
寻	5i8
尋	5i8
曛	5i8b
燻	5i8x
薰	5i8y
熏	5i8H
勲	5i8l
勳	5i8l
醺	5i84
獯	5i8v
纁	5i8a
𫄸	5i8a
嚑	5i8o
辛	5i3
爂	5i3x
兴	5i3H
興	5i3H
衅	5i34
釁	5i34
亹	5i3f
璺	5i33
具	5iV
蘧	5iVy
遽	5iVz
豦	5iVH
劇	5iVl
勮	5iVlH
壉	5iVd
醵	5iV4
噱	5iVo
澽	5iVE
懅	5iVY
據	5iV8
璩	5iV3
猵	vbi2
狉	vpE
犸	vma
獁	vma
貘	vmo
麋	vmE
獌	vm2
獴	vm3
狇	vmiA
猫	vmiL
猸	vmiV
猥	vwL
猬	vwie
鼯	vwi6
虔	vwi8
獗	vjue
鼳	vjuE
犰	vju6
虓	vju6H
麂	vjE
狡	vjL
獍	vj8
猏	vquY
麒	vqE
猜	vq8
猰	vqV
獬	vxe
豨	vxE
貅	vx6
猩	vx8
黿	vyuo
鼋	vyuo
毅	vyuE
鼬	vyu6
犹	vy6
狝	vnu8
獮	vnu8
狮	vnuV
獅	vnuV
狞	vn8
獰	vn8
狣	vzuL
状	vzuT
狀	vzuT
豸	vzE
猹	vDua
獊	vDuT
豺	vDY
猖	vDT
狲	vsu8
猻	vsu8
猱	vr6
狰	vH8
麖	vNi3H
猡	vlo
玀	vlo
狸	vlE
狫	vlL
獭	vliY
獺	vliY
狚	vd2
彘	vdiY
貂	vdiL
猭	vtV
䶮	vti2
龑	vti2
獞	vti3
猿	vtiV
猓	vgio
貉	vgie
狗	vgi6
豿	vgi6
豞	vgi6H
龔	vgi3
龚	vgi3
麈	vka
犺	vkT
独	vkiA
獨	vkiA
猂	vh2
龕	vhie
龛	vhie
猴	vhi6
鼷	v5i6
猇	vvju6
狁	vv3
猁	vvV
獤	vF8
䝙	vFi6
貙	vFi6
㺄	v7o
豫	v7L
豘	v78
狳	v7io
狺	v7iY
狴	vBE
麆	vBiL
狯	vcY
獪	vcY
猑	vc8
犷	vciT
獷	vciT
鼢	vf8
猢	vfiA
卢	va
盧	va
逵	vaz
六	vaH
稑	vah
睦	vaT
陆	va1
陸	va1
路	vo
氇	voj
氌	voj
魯	voH
鲁	voH
鑥	voN
镥	voN
橹	voc
櫓	voc
噜	voo
嚕	voo
澛	voE
瀂	voE
撸	vo8
擼	vo8
勒	ve
炼	vex
煉	vex
錬	veN
楝	vec
練	vea
练	vea
瑓	ve3
力	vE
戾	vEH
唳	vEo
泪	vEE
淚	vEE
捩	vE8
厉	vY
厲	vY
烁	vYx
爍	vYx
藥	vYy
砾	vYs
礫	vYs
乐	vYH
樂	vYH
鑠	vYN
铄	vYN
瓅	vY3
黎	vL
嵺	vLw
髎	vLj
蓼	vLy
鹨	vLn
戮	vLl
勠	vLlH
醪	vL4
廖	vL5
樛	vLc
寥	vLf
繆	vLa
膠	vLe
漻	vLE
嫪	vLA
憀	vLY
僇	vLV
刘	v6
劉	v6
犨	v6g
售	v6o
讎	v6i
讐	v6i
雠	v6i
覽	v2
览	v2
峦	v2w
巒	v2w
鸞	v2n
鸾	v2n
变	v2r
変	v2r
變	v2r
䜌	v2H
銮	v2N
鑾	v2N
蛮	v2k
蠻	v2k
恋	v2F
戀	v2F
栾	v2c
欒	v2c
脔	v2e
臠	v2e
滦	v2E
灤	v2E
娈	v2A
孌	v2A
挛	v28
攣	v28
癴	v28t
孪	v2V
孿	v2V
朗	vT
刅	vTH
墚	vTd
粱	vTh
梁	vTc
樑	vTcc
仑	v8
侖	v8
嶙	v8w
轔	v8q
辚	v8q
燐	v8x
翷	v8n
遴	v8z
磷	v8s
粦	v8H
鏻	v8N
𬭸	v8N
亃	v8l
驎	v8g
𬴊	v8g
麟	v8v
鱗	v8B
鳞	v8B
膦	v8e
粼	v8E
潾	v8EH
瞵	v8T
憐	v83
璘	v83
鄰	v81
隣	v81
允	v3
躏	v3D
躪	v3D
蔺	v3H
藺	v3H
利	vV
蠡	vVH
攭	vV8
虏	via
虜	via
屡	viap
屢	viap
屦	viazp
屨	viazp
褛	viau
褸	viau
縷	viaa
缕	viaa
偻	viaV
僂	viaV
鹿	vio
閭	viom
闾	viom
榈	viomc
櫚	viomc
焒	viox
莒	vioy
吕	vioH
鋁	vioN
铝	vioN
稆	vioh
梠	vioc
筥	vio2
捛	vio8
侣	vioV
击	vie
擊	vie
肇	viep
嵂	view
葎	viey
律	viez
聿	vieH
垏	vied
侓	vieV
丽	viY
麗	viY
莅	viYy
立	viYH
鉝	viYN
𫟷	viYN
粒	viYh
笠	viY2
栗	viL
皂	viLH
梍	viLc
唣	viLo
历	vi6
曆	vi6
歷	vi6
柳	vi6c
聊	vi6T
珋	vi63
廉	vi2
蓝	vi2y
藍	vi2y
褴	vi2u
襤	vi2u
滥	vi2E
濫	vi2E
灆	vi2E
篮	vi22
籃	vi22
儖	vi2V
两	viT
兩	viT
煷	viTx
亮	viTH
喨	viTo
湸	viTE
灵	vi8
霝	vi8
靈	vi8
崚	vi8w
菱	vi8y
夌	vi8H
堎	vi8d
庱	vi85
鯪	vi8B
鲮	vi8B
棱	vi8c
祾	vi8u
綾	vi8a
绫	vi8a
凌	vi8E
婈	vi8A
㥄	vi8Y
掕	vi88
陵	vi81
永	vi3
蕴	vi3y
藴	vi3y
馧	vi3h
醖	vi34
榅	vi3c
緼	vi3a
缊	vi3a
腽	vi3e
蕰	vi3Ey
愠	vi3Y
氲	vi36
离	viV
体	viVj
體	viVj
豊	viVH
醴	viV4
鱧	viVB
鳢	viVB
礼	viVu
禮	viVu
澧	viVE
惫	Fbe
憊	Fbe
悶	Fm8
闷	Fm8
慜	FmV
愍	Fmi8
忽	Fw8
忘	FwiT
忞	Fwi8
愁	Fqu6
惎	FqE
恝	FqV
忑	Fxa
勰	FxY
想	FxT
愿	Fyu2
恙	FyuT
恿	Fyu3
恧	FnuY
您	Fnu8
悊	Fzue
怎	Fza
惩	Fz8
懲	Fz8
忠	Fz3
惷	FDu8
叅	FD2
怂	FD3
慫	FD3
愬	Fsuo
怸	FsA
恁	Fru8
恥	Fre
恕	FrA
忐	FrT
忍	Fr8
耻	FHu6
恏	FHL
德	FH6
惪	FH6
慙	FH2
應	FH3
㤂	FNa
急	FNa
懿	FNV
忌	FNia
慭	FlY
憖	FlY
悐	Fd1s
态	FtiY
態	FtiY
忝	Fti2
怘	FgA
恭	Fgi3
恐	Fki3
凭	Fhu3
凴	Fhu3
憑	Fhu3
惑	Fhio
愆	F4u2
憙	F5o
庆	Fvio
慶	Fvio
憝	FF8
愈	F7o
忒	F7e
愚	F7ia
悆	F7io
恚	FBV
悹	FBi2
懋	FcmiY
感	Ff6
忿	Ff8
叙	Fa
敘	Fa
鮙	Fan
羽	FaH
栩	Fac
祤	Fau
挧	Fa8
珝	Fa3
詡	Fai
诩	Fai
需	Fo
昫	Fob
煦	Fobx
齣	Foj
雊	Fon
鴝	FonH
鸲	FonH
劬	Fol
鼩	Fov
竘	Fof
呴	Foo
喣	Foox
朐	Foe
姁	FoA
电	Fe
電	Fe
得	Fez
碍	Fes
㝵	FeH
鍀	FeN
锝	FeN
棏	Fec
嘚	Feo
淂	FeE
曲	FE
敌	FEr
敵	FEr
啇	FEH
鏑	FEN
镝	FEN
嘀	FEo
滴	FEE
嫡	FEA
玉	FY
待	FYz
特	FYg
等	FY2
岛	FL
島	FL
嶋	FL
菿	FLy
到	FLH
椡	FLc
捯	FL8
倒	FLV
囚	F6
暏	F6b
屠	F6p
帾	F6pH
賭	F6x
赌	F6x
堵	F6d
嘟	F6o
睹	F6T
覩	F6T
琽	F63
都	F61
段	F2
㡭	F2H
断	F27
斷	F27
繼	F2a
继	F2a
簖	F22
籪	F22
取	FT
鋽	FTN
竨	FTf
悼	FTY
掉	FT8
敦	F8
循	F8z
遁	F8zH
踲	F8D
碷	F8s
盾	F8H
楯	F8c
腯	F8e
揗	F88
欽	F3
钦	F3
輕	F3q
轻	F3q
巠	F3H
羟	F3g
羥	F3g
氢	F36
氫	F36
队	FV
隊	FV
蓷	FVy
碓	FVs
堆	FVd
推	FV8
許	Fia
许	Fia
眼	FiaT
艰	Fia8
艱	Fia8
限	Fia1
嶞	Fiow
陏	FioH
椭	Fioc
橢	Fioc
媠	FioA
惰	FioY
墯	FioYd
堕	Fio1
墮	Fio1
殿	Fie
晱	Fieb
賧	Fiex
赕	Fiex
啖	Fieo
淡	FieE
惔	FieY
氮	Fie6
戴	FiY
帎	FiYp
瓭	FiY7
妉	FiYA
耽	FiYT
眈	FiYTH
抌	FiY8
吊	FiL
帱	FiLp
幬	FiLp
嶹	FiLw
焘	FiLx
燾	FiLx
翿	FiLn
壔	FiLd
梼	FiLc
祷	FiLu
禱	FiLu
涛	FiLE
濤	FiLE
擣	FiL8
区	Fi6
區	Fi6
徒	Fi6z
走	Fi6H
鯐	Fi6B
唗	Fi6o
陡	Fi61
典	Fi2
耑	Fi2H
剬	Fi2l
端	Fi2f
媏	Fi2A
瑞	Fi23
偳	Fi2V
丈	FiT
㲲	FiTj
氎	FiTj
叠	FiTH
疊	FiTH
亲	Fi8
親	Fi8
囤	Fi8m
炖	Fi8x
砘	Fi8s
頓	Fi8r
顿	Fi8r
鈍	Fi8N
钝	Fi8N
坉	Fi8d
庉	Fi85
窀	Fi8f
吨	Fi8o
噸	Fi8o
沌	Fi8E
忳	Fi8Y
盹	Fi8T
扽	Fi88
伅	Fi8V
秦	Fi3
磬	Fi3s
殸	Fi3H
馨	Fi3h
罄	Fi37
声	Fi3T
聲	Fi3T
撀	Fi38
謦	Fi3i
却	FiV
卻	FiV
迪	FiVz
廸	FiVzH
頔	FiVr
𬱖	FiVr
笛	FiV2
甂	7bi2
甓	7pa
耪	7pT
甏	7p8
耗	7mL
瓮	7w3
矮	7wV
嘉	7ja
瓻	7xE
鬷	7x3
耘	7yu8
㽄	7nuT
鼐	7nY
耰	7n6
鼗	7zuL
罇	7zu8
鼒	7DY
殺	7sa
觫	7s3
耨	7rua
罂	7Hu3
罌	7Hu3
瓷	7HuV
耔	7HL
㼛	7N8
耕	7N8
榘	7NiA
觭	7Ni6
耜	7NiT
耧	7l6
耬	7l6
甊	7l6H
瓴	7li8
罍	7liV
斝	7d6
短	7di6
鼕	7di3
甙	7g2
叁	7k2
叄	7k2
触	7kiA
觸	7kiA
斶	7kiAH
斟	7ki2
耠	7hie
罅	7hiA
斧	74iA
甗	752
矩	75V
新	7Fi8
罈	772
斜	77io
觥	7BT
融	7ci3
觱	7f6
瓬	7fT
旊	7fTH
戽	7fio
龢	7fie
与	7a
與	7a
閾	7am
阈	7am
域	7ad
彧	7aa
惐	7aY
俞	7o
蓣	7oy
蕷	7oy
預	7oH
预	7oH
滪	7oE
澦	7oE
弋	7e
晪	7eb
唺	7eo
腆	7ee
淟	7eE
琠	7e3
倎	7eV
疐	7E
蹄	7ED
啼	7Eo
狱	7Y
獄	7Y
碳	7Ys
炭	7YH
羰	7Yg
湠	7YE
予	7L
鞉	7Lx
逃	7Lz
桃	7Lc
咷	7Lo
洮	7LE
幼	76
遊	76z
斿	76H
蝣	76k
游	76E
覃	72
鉭	72N
钽	72N
坦	72d
袒	72u
魚	7T
鱼	7T
萸	7Ty
臾	7TH
瘐	7Tt
庾	7T5
腴	7Te
諛	7Ti
谀	7Ti
屯	78
煢	78y
茕	78y
迅	78z
卂	78H
虱	78k
蝨	78k
鲺	78kB
汛	78E
訊	78i
讯	78i
音	73
齦	73j
龈	73j
銀	73N
银	73N
垠	73d
退	7V
圄	7Vm
齬	7Vj
龉	7Vj
娪	7VA
語	7Vi
语	7Vi
禺	7ia
𨱏	7iaN
塔	7iad
榙	7iac
嗒	7iao
溚	7iaE
余	7io
虞	7iov
麌	7iov
娱	7ioA
俣	7ioV
者	7ie
闐	7iem
阗	7iem
衠	7iez
填	7ied
寘	7ief
瞋	7ieT
搷	7ie8
瑱	7ie3
言	7iY
丫	7iYH
吖	7iYo
於	7iL
岧	7iLw
岹	7iLwH
苕	7iLy
迢	7iLz
祒	7iLu
笤	7iL2
萔	7iL8
右	7i6
赳	7i6D
收	7i6r
丩	7i6H
朻	7i6c
窅	7i6f
糾	7i6a
纠	7i6a
叫	7i6o
员	7i2
員	7i2
罙	7i2H
深	7i2E
昚	7i2T
探	7i28
琛	7i23
傄	7i2V
育	7iT
幢	7iTp
艟	7iTq
鐘	7iTN
穜	7iTh
疃	7iT4
噇	7iTo
憧	7iTY
撞	7iT8
僮	7iTV
殷	7i8
錦	7i8p
锦	7i8p
衔	7i8m
銜	7i8m
崟	7i8w
金	7i8H
鑫	7i8N
吟	7i8o
唫	7i8o
淦	7i8E
凎	7i8EH
动	7i3
動	7i3
宋	7i3H
俕	7i3V
彥	7iV
彦	7iV
淵	7iVm
渊	7iVm
水	7iVH
氵	7iVH
凼	7iVl
氹	7iVl
呇	7iVo
淼	7iVE
汆	7iVL
鲃	Bba
鮑	BbL
鲍	BbL
鮁	Bbia
鲅	Bbia
鯿	Bbi2
鳊	Bbi2
鮩	Bbi3
𩼋	Bp6
鳑	BpT
魸	Bpie
鰾	BpiL
鳔	BpiL
鮃	Bpi8
鲆	Bpi8
鰻	Bm2
鳗	Bm2
鳘	BmV
鮸	Bmi2
𩾃	Bmi2
鳂	BwL
鱖	Bjue
鳜	Bjue
鲪	Bju8
鰜	BjY
鳒	BjY
鮫	BjL
鲛	BjL
鱂	BjT
鳉	BjT
鳈	Bquo
鰍	Bqu6
鳅	Bqu6
鯕	BqE
鲯	BqE
鲭	Bq8
鱈	Bxue
鳕	Bxue
鮴	Bx6
鯹	Bx8
鮋	Byu6
鲉	Byu6
鮝	ByuT
鲞	ByuT
鲬	Byu3
魷	By6
鱿	By6
鲕	BnuY
鯰	Bnu2
鲶	Bnu2
鰤	BnuV
𫚕	BnuV
𬶐	BzuL
鱒	Bzu8
鳟	Bzu8
鲊	Bza
䲠	BDu8
鲝	BDo
鰂	BDe
鱡	BDe
鲗	BDe
鯵	BD2
鲹	BD2
鯧	BDT
鲳	BDT
鯷	BsE
鳀	BsE
鯽	BNiY
鲫	BNiY
鮟	BNi2
𩽾	BNi2
鯨	BNi3
鲸	BNi3
𬶟	Bla
鱳	Ble
鯉	BlE
鲤	BlE
鮱	BlL
鱩	BlV
鯀	Blia
鲧	Blia
鰱	Bli2
鲢	Bli2
魿	Bli8
魛	BdL
鱽	BdL
鮗	Bdi3
鮐	BtY
鲐	BtY
鲖	Bt3
鰷	BtiL
鲦	BtiL
鯝	Bga
鲴	Bga
鱀	BgY
𬶨	BgY
鮈	Bgi6
𬶋	Bgi6
鯁	Bgi8
鲠	Bgi8
鰹	Bko
鲣	Bko
鲓	BkL
鳆	BkiY
鱇	BkiT
𩾌	BkiT
鮜	Bh6
鲘	Bh6
鯸	Bhi6
鰐	B4o
鳄	B4o
鮒	B4i3
鲋	B4i3
鱚	B5o
𬶮	B5o
鱘	B5i8
鲟	B5i8
鱸	Bva
鲈	Bva
鰳	Bve
鳓	Bve
鱺	BviY
鲡	BviY
魨	B78
鲀	B78
鮭	BBV
鲑	BBV
鳤	BBi2
鮬	Bca
鱠	BcY
鲙	BcY
鯤	Bc8
鲲	Bc8
鱔	Bci2
鳝	Bci2
鳡	Bf6
魴	BfT
鲂	BfT
鯡	BfV
鲱	BfV
鰉	BfiT
鳇	BfiT
瓜	Ba
颳	Bab
鴰	Ban
鸹	Ban
刮	Bal
栝	Bac
聒	BaT
括	Ba8
畜	Bo
欥	Bor
曰	BoH
汩	BoE
革	Be
翮	Ben
虉	Beny
𬟁	Beny
鹝	BenH
鬲	BeH
鎘	BeN
镉	BeN
塥	Bed
粥	Beh
鬻	BehH
嗝	Beo
膈	Bee
滆	BeE
隔	Be1
坒	BE
办	BEr
辦	BEr
辡	BEH
辨	BEl
辫	BEa
辮	BEa
瓣	BE2
辩	BEi
辯	BEi
怪	BY
朁	BYH
蚕	BYk
蠶	BYk
潛	BYE
潜	BYE
憯	BYY
簪	BY2
僭	BYV
譖	BYi
谮	BYi
造	BL
超	BLD
欩	BLr
怊	BLY
眧	BLT
足	B6
乖	B6H
貫	B2
贯	B2
爟	B2x
鸛	B2n
鹳	B2n
盥	B24
罐	B27
灌	B2E
懽	B2Y
覌	B2T
觀	B2T
观	B2T
瓘	B23
光	BT
氅	BTj
徜	BTz
僘	BTr
敞	BTr
厂	BT5
厰	BT5
廠	BT5
裳	BTu
惝	BTY
倘	BTV
呈	B8
蓘	B8y
蔉	B8y
磙	B8s
衮	B8H
袞	B8H
滚	B8E
滾	B8E
純	B3
纯	B3
焞	B3x
鶉	B3n
鹑	B3n
享	B3H
亯	B3H
錞	B3N
𬭚	B3N
醇	B34
亸	B34H
嚲	B34H
綧	B3a
𬘯	B3a
淳	B3E
諄	B3i
谆	B3i
圭	BV
跪	BVD
垝	BVd
姽	BVA
佹	BVV
詭	BVi
诡	BVi
卦	Bia
煱	Biax
冎	BiaH
剐	Bial
剮	Bial
緺	Biaa
除	Bio
躇	BioD
楮	Bioc
褚	Biou
緒	Bioa
绪	Bioa
储	BioV
儲	BioV
槠	Bioic
櫧	Bioic
孱	Bie
幨	Biep
贍	Biex
赡	Biex
蟾	Biek
檐	Biec
膽	Biee
澹	BieE
擔	Bie8
儋	BieV
另	BiY
䦰	BiYm
阄	BiYm
鬮	BiYm
龜	BiYH
龟	BiYH
助	BiL
雏	BiLn
雛	BiLn
趋	BiLD
趨	BiLD
刍	BiLH
芻	BiLH
騶	BiLg
驺	BiLg
楚	Bi6
蒄	Bi6y
冠	Bi6H
官	Bi2
遝	Bi2z
眔	Bi2H
鰥	Bi2B
鳏	Bi2B
嚃	Bi2o
常	BiT
苌	BiTy
萇	BiTy
長	BiTH
长	BiTH
鋹	BiTN
𬬮	BiTN
枨	BiTc
棖	BiTc
怅	BiTY
悵	BiTY
掁	BiT8
伥	BiTV
倀	BiTV
辰	Bi8
輥	Bi8q
辊	Bi8q
棍	Bi8c
緄	Bi8a
绲	Bi8a
惃	Bi8Y
丞	Bi3
崇	Bi3w
崈	Bi3wH
漴	Bi3'wE
徖	Bi3z
淙	Bi3E
婃	Bi3A
悰	Bi3Y
琮	Bi33
孮	Bi3V
貴	BiV
贵	BiV
嵬	BiVw
蒐	BiVy
鬼	BiVH
塊	BiVd
廆	BiV5
槐	BiVc
瑰	BiV3
傀	BiVV
桲	cbo
杯	cbA
柏	cbY
枹	cbL
梆	cbT
柨	cb3
椑	cbV
栢	cbiY
檗	cbi6
柈	cbiT
槟	cbi8
檳	cbi8
栟	cbi3
柸	cpE
棚	cp3
梬	cp1
朴	cpiA
楄	cpi2
枰	cpi8
槱	cpiV
榧	cmfV
杩	cma
榪	cma
模	cmo
棉	cme
枆	cmL
桙	cm6
槾	cm2
檬	cm3
梅	cmV
柕	cmiY
橗	cmi3
楣	cmiV
梤	cwf8
梶	cwe
枉	cwT
楃	cwio
梧	cwi6
椀	cwi2
橛	cjue
楗	cjuY
櫵	cjuL
朹	cju6
桊	cju2
桾	cju8
㯲	cju3
架	cja
枷	cjaH
栉	cjo
櫛	cjo
机	cjE
機	cjE
椐	cjA
校	cjL
柩	cj6
桨	cjT
槳	cjT
枧	cjV
梘	cjV
棨	cqua
楾	cquo
桥	cquL
橋	cquL
楸	cqu6
檎	cqu3
棋	cqE
椄	cqY
杄	cq2
楔	cqV
樰	cxue
楦	cxu2
橡	cxuT
栒	cxu8
柷	cxu3
檞	cxe
棻	cyf8
椛	cyfia
桠	cyua
椏	cyua
枂	cyue
柚	cyu6
样	cyuT
棪	cyuV
杅	cyA
梴	cyY
櫈	cnd8
楒	cnua
檼	cnuo
櫱	cnue
蘖	cnue
櫯	cnuE
栭	cnuY
枭	cnuL
梟	cnuL
樢	cnuLH
梛	cna
櫌	cn6
楠	cn2
欜	cnT
柠	cn8
橣	cn8
檸	cn8
桖	cnV
枛	czua
床	czuT
牀	czuT
桩	czuTH
樽	czu8
椊	czuV
柞	cza
桌	czo
棹	czoH
樍	cze
枳	czE
株	czA
柾	cz8
樶	czV
楂	cDua
椿	cDu8
樬	cDu3
檫	cDa
槎	cDo
椸	cDE
材	cDY
槽	cDL
檮	cD6
枞	cD3
樅	cD3
棰	cDV
橵	csua
槊	csuo
杓	csuL
槂	csu8
棁	csuV
樧	csa
槡	csT
柛	cs8
埜	cruY
橪	cru2
橍	cruV
栮	cre
枵	crL
楺	cr6
榕	cr3
枘	crV
梹	cHbi8
朽	cHqL
橇	cHxue
枝	cHua
樱	cHu3
櫻	cHu3
栨	cHuV
椥	cHa
柌	cHo
柶	cHe
櫍	cHE
𬃊	cHE
桎	cHY
杍	cHL
植	cH6
栻	cHT
柴	cHV
极	cNa
桷	cNe
枸	cNA
械	cN2
案	cNi2
桉	cNi2H
椤	clo
欏	clo
栎	cle
櫟	cle
椂	clA
梾	clY
棶	clY
栳	clL
楼	cl6
樓	cl6
榔	clT
檩	cl8
栊	cl3
櫳	cl3
檑	clV
櫴	cliY
榴	cli6
梿	cli2
槤	cli2
柃	cli8
櫐	cliV
杕	cda
柋	cdY
朷	cdL
枓	cd6
档	cdT
檔	cdT
橙	cd8
栋	cd3
棟	cd3
櫂	cd1
梪	cdi6
柢	cdiT
柊	cdi3
柝	cto
栴	cte
梯	ctE
枱	ctY
檯	ctYH
槄	ctL
棠	ctT
樘	ctTH
桐	ct3
椽	ctV
樤	ctiL
榶	ctiT
梃	cti8
橦	cti3
棝	cga
橭	cgA
概	cgY
槩	cgYH
槁	cgL
槀	cgLH
构	cg6
柑	cg2
㭎	cgT
棡	cgT
根	cg8
槚	cgia
檟	cgia
格	cgie
榾	cgiA
梏	cgiL
枸	cgi6
杆	cgi2
梗	cgi8
栱	cgi3
柱	cka
栲	ckL
椌	ck3
柯	ckie
椱	ckiY
椹	cki2
槺	ckiT
檠	cki8
樎	ckiV
槲	chue
榀	chu8
栰	cha
檺	chL
桁	chT
柉	chia
棫	chio
梒	chi2
桧	chiV
檜	chiV
極	c4uE
栫	c4u8
僰	c46
桴	c4iT
棴	c4iV
栖	c5a
樨	c56
杺	c53
槜	c5ie
栌	cva
櫨	cva
朸	cvE
㰀	cvL
㰖	cv2
榄	cv2
欖	cv2
樃	cvT
㮾	cvTH
梨	cvV
櫖	cvia
麓	cvio
枥	cvi6
櫪	cvi6
棂	cvi8
櫺	cvi8
欞	cvi8
栐	cvi3
椴	cF2
橔	cF8
枢	cFi6
樞	cFi6
杖	cFiT
榇	cFi8
㭕	cFiV
榆	c7o
杙	c7e
梌	c7io
梐	cBE
桄	cBT
桯	cB8
杶	cB3
桂	cBV
柺	cBiY
棺	cBi2
桭	cBi8
柜	cBiV
樻	cBiV
櫃	cBiV
楙	ccmiY
棼	ccf8
桍	cca
枍	ccE
椒	ccL
橚	cc6
框	ccT
榡	cci6
桢	cci8
楨	cci8
桦	cfa
樺	cfa
橞	cfe
椷	cf6
枋	cfT
枌	cf8
枫	cf3
楓	cf3
棐	cfV
杹	cfia
槵	cfi6
橎	cfi2
楻	cfiT
棔	cfi8
棒	cfi3
夸	ca
峡	caw
峽	caw
硖	cas
硤	cas
橼	catV
櫞	catV
蛱	cak
蛺	cak
狭	cav
狹	cav
梜	cac
𬂩	cac
侠	caV
俠	caV
黍	co
磕	cos
盍	coH
榼	coc
嗑	coo
溘	coE
瞌	coT
科	ce
髂	cej
額	cer
额	cer
愙	ceF
客	cef
喀	ce'fo
愘	ce'fY
咯	ceo
恪	ceY
揢	ce8
兮	cE
巙	cEw
夔	cEH
会	cY
會	cY
块	cYd
快	cYY
筷	cY2
叔	cL
蔬	cLy
疋	cLH
疏	cL4
梳	cLc
肃	c6
肅	c6
蔌	c6y
遬	c6z
欶	c6H
樕	c6c
嗽	c6o
漱	c6E
簌	c62
宽	c2
寬	c2
欵	c2H
款	c2H
窽	c2f
窾	c2f
䄐	c21
匡	cT
鵟	cTn
𫛭	cTn
逛	cTz
狂	cTH
俇	cTV
誑	cTi
诳	cTi
昆	c8
閫	c8m
阃	c8m
困	c8H
梱	c8c
綑	c8a
涃	c8E
悃	c8Y
睏	c8T
捆	c88
乘	c3
毹	c3j
毺	c3j
輸	c3q
输	c3q
俞	c3H
燊	c3ho
腧	c3e
鄃	c31
隃	c31H
奎	cV
魁	cV7
櫆	cVc
媿	cVA
愧	cVY
傀	cVV
隗	cV1
族	cia
爼	ciax
租	ciah
蒩	ciahy
柤	ciac
祖	ciau
組	ciaa
组	ciaa
菹	ciaEy
怚	ciaY
珇	cia3
俎	ciaV
阻	cia1
唨	cia1o
詛	ciai
诅	ciai
粟	cio
暑	ciob
薯	cioy
书	cior
書	cior
署	cio4
曙	cio4b
濖	cioE
扇	cie
芟	ciey
釤	cieN
钐	cieN
杉	ciec
衫	cieu
肜	ciee
肆	ciY
昪	ciYb
匥	ciYm
峅	ciYw
弁	ciYH
畚	ciY7
拚	ciY8H
𨚕	ciY1
孰	ciL
耀	ciLb
曜	ciLbH
燿	ciLx
躍	ciLD
籴	ciLh
糴	ciLh
粜	ciLhH
糶	ciLhH
矅	ciLT
素	ci6
逆	ci6z
屰	ci6H
善	ci2
氈	ci2j
氊	ci2j
鸇	ci2n
鹯	ci2n
顫	ci2r
颤	ci2r
亶	ci2H
壇	ci2d
鱣	ci2B
鳣	ci2B
檀	ci2c
膻	ci2e
澶	ci2E
嬗	ci2A
饘	ci2L
𫗴	ci2L
擅	ci28
璮	ci23
儃	ci2V
广	ciT
廣	ciT
熵	ciTx
蔏	ciTy
商	ciTH
墒	ciTd
螪	ciTk
滳	ciTE
貞	ci8
贞	ci8
臣	ci8H
弫	ci8l
栕	ci8c
宦	ci8f
繩	ci8a
绳	ci8a
嚚	ci8o
渑	ci8E
澠	ci8E
挋	ci88
卧	ci8V
虫	ci3
黽	ci3H
黾	ci3H
蝇	ci3k
蠅	ci3k
鼉	ci3v
鼍	ci3v
鄳	ci31
𫑡	ci31
癸	ciV
匮	ciVm
匱	ciVm
䙡	ciVu
溃	ciVE
潰	ciVE
愦	ciVY
憒	ciVY
饋	ciVL
馈	ciVL
篑	ciV2
簣	ciV2
聩	ciVT
聵	ciVT
隤	ciV1
𬯎	ciV1
寞	fmo
冞	fmE
旄	fmL
窌	fmiT
寤	fwi6
窟	fjuo
究	fju6
窘	fju8
奖	fjT
奬	fjT
窃	fqe
竊	fqe
旗	fqE
窍	fqL
宯	fxuL
宵	fxL
宪	fx2
憲	fx2
廂	fxT
壸	fyua
壼	fyua
穿	fya
宇	fyA
冔	fyAH
𠅤	fnua
窎	fnuL
窵	fnuL
牢	fnu6
廝	fnuT
旎	fnE
旐	fzuL
奘	fzuT
弉	fzuT
窣	fzuV
宱	fza
站	fz2
寀	fDuY
窜	fDu2
竄	fDu2
窗	fDu3
施	fDE
宬	fD8
旌	fsu3
寔	fsE
竦	fs3
邃	fsV
旞	fsVH
𫲶	fr8
室	fHY
字	fHL
宑	fN8
壹	fNV
旖	fNi6
寠	fl6
窭	fl6
宠	fl3
寵	fl3
窿	fli3
竳	fd8
毒	fdiA
竖	fdi6
竪	fdi6
豎	fdi6
奃	fdiT
旃	fte
套	ftL
实	ft6
冤	ftiA
窱	ftiL
窖	fgiL
夼	fgiV
宔	fka
宝	fhuo
寶	fhuo
宏	fh3
竑	fh3H
宖	fhi3
穸	f5ia
奕	f5iL
夯	fvE
帘	fvi2
窬	f7o
窈	f76
窨	f73
寓	f7ia
奢	f7ie
宸	fBi8
旝	fcY
寂	fcL
寭	ffe
竕	ff8
旙	ffi2
旛	ffi2
华	fa
華	fa
昼	fab
晝	fab
画	faH
畫	faH
㓰	fal
劃	fal
婳	faA
嫿	faA
互	fo
闔	fom
阖	fom
熆	fox
盖	foy
蓋	foy
饁	foL
馌	foL
惠	fe
范	fey
㔾	feH
犯	fev
氾	feE
笵	fe2
範	fe2
妃	fE
暵	fEb
熯	fEx
𦰩	fEH
叹	fEo
嘆	fEo
汉	fEE
漢	fEE
嫨	fEA
傼	fEV
負	fA
负	fA
帗	fAp
柭	fAc
祓	fAu
黻	fAuH
紱	fAa
绂	fAa
冹	fAE
奂	fY
奐	fY
褱	fYH
坏	fYd
壞	fYd
蘾	fYdy
怀	fYY
懷	fYY
蘹	fYYy
舌	fL
烦	fLx
煩	fLx
頁	fLH
页	fLH
嚣	fL'4o
囂	fL'4o
咸	f6
晅	f6b
峘	f6w
烜	f6x
荁	f6y
垣	f6d
貆	f6v
桓	f6c
絙	f6a
咺	f6o
洹	f6E
姮	f6A
恆	f6Y
恒	f6Y
反	f2
帆	f2p
芃	f2y
矾	f2s
凡	f2H
凢	f2H
釩	f2N
钒	f2N
梵	f2c
汎	f2E
忛	f2Y
方	fT
晄	fTb
兤	fT5
恍	fTY
分	f8
幩	f8p
燌	f8x
蕡	f8y
墳	f8d
羵	f8g
獖	f8v
橨	f8c
膹	f8e
濆	f8E
𣸣	f8E
愤	f8Y
憤	f8Y
僨	f8V
凮	f3
風	f3
风	f3
崶	f3w
葑	f3y
封	f3H
堼	f3d
非	fV
昲	fVb
曊	fVb
費	fVx
费	fVx
砩	fVs
鐨	fVN
镄	fVN
疿	fVt
狒	fVv
沸	fVE
化	fia
磆	fias
猾	fiav
滑	fiaE
户	fio
喖	fioc
祜	fiou
怙	fioY
禾	fie
翙	fien
翽	fien
岁	fieH
歲	fieH
刿	fiel
劌	fiel
秽	fieh
穢	fieh
哕	fieo
噦	fieo
胡	fiA
弧	fiAl
狐	fiAv
粪	fiY
糞	fiY
闞	fiYm
阚	fiYm
憨	fiYF
㘎	fiYo
㘚	fiYo
瞰	fiYT
撖	fiY8
升	fiL
顥	fiLH
颢	fiLH
灏	fiLE
灝	fiLE
患	fi6
欢	fi6r
歡	fi6r
雚	fi6H
獾	fi6v
嚾	fi6o
孉	fi6A
番	fi2
圜	fi2m
攌	fi2'm8
鬟	fi2j
翾	fi2n
䴉	fi2nH
鹮	fi2nH
还	fi2z
還	fi2z
睘	fi2H
镮	fi2N
寰	fi2f
禤	fi2u
繯	fi2a
缳	fi2a
澴	fi2E
嬛	fi2A
懁	fi2Y
擐	fi28
环	fi23
環	fi23
儇	fi2V
譞	fi2i
𫍽	fi2i
皇	fiT
幌	fiTp
熀	fiTx
晃	fiTH
榥	fiTc
縨	fiTa
滉	fiTE
愰	fiTY
昏	fi8
尡	fi8b
混	fi8E
婫	fi8A
餛	fi8L
馄	fi8L
掍	fi88
倱	fi8V
奉	fi3
峯	fi3w
峰	fi3w
烽	fi3x
逢	fi3z
夆	fi3H
鋒	fi3N
锋	fi3N
埄	fi3d
蜂	fi3k
縫	fi3a
缝	fi3a
浲	fi3E
囘	fiV
回	fiV
囬	fiV
彗	fiVH
鏏	fiVN
𬭬	fiVN
慧	fiVF
鮰	fiVB
嘒	fiVo
嚖	fiVo
祕	ub6
褩	ub2
裱	ubiL
褊	ubi2
褙	ubiV
襞	upa
袯	upio
襏	upio
襻	upi6
祃	uma
禡	uma
袜	umio
袤	umiY
袆	uwiV
褘	uwiV
祎	uwiVH
禕	uwiVH
襟	uju3
袈	uja
裾	ujA
裥	uj2
襇	uj2
祺	uqE
褀	uqEH
祛	uqA
袪	uqAH
裘	uq6
襁	uqT
禊	uqV
禦	uyY
袅	unuL
裊	unuL
祽	uzuV
衷	uz3
襊	uzV
褿	uDL
祱	usuV
禔	usE
神	us8
襚	usV
褥	urua
衽	uru8
衵	urE
祉	uHu6
襜	uHu2
禛	uHu8
祠	uHo
祴	uN2
裏	ulE
裡	ulE
禄	ulA
袭	ul3
襲	ul3
裂	ulie
裢	uli2
褳	uli2
袳	udo
禘	udE
褅	udEH
袋	udY
初	udL
裆	udT
襠	udT
祗	udiT
袛	udiTH
社	utA
禒	utV
祆	uti2
祻	uga
禞	ugL
裹	ugio
祼	ugioH
袼	ugie
祰	ugiL
裤	ukA
褲	ukA
褃	uk8
複	ukiY
褐	uhe
裄	uhi8
祀	u4uV
袱	u46
禧	u5o
祋	u5T
裈	u58
褌	u58
裼	u5iT
襶	uFiY
襯	uFi8
褕	u7o
褪	u7V
祐	u7i6
裎	uB8
褂	uBia
祯	uci8
禎	uci8
祊	ufT
緡	abmi8
缗	abmi8
綁	abT
绑	abT
絔	abiY
編	abi2
编	abi2
絆	abiT
绊	abiT
繽	abi8
缤	abi8
縹	apiL
缥	apiL
彯	apiLH
綿	ame
绵	ame
縵	am2
缦	am2
紋	awi8
纹	awi8
紊	awi8H
緯	awiV
纬	awiV
絳	ajuT
绛	ajuT
縑	ajY
缣	ajY
絞	ajL
绞	ajL
綮	aqua
線	aquo
缐	aquo
繾	aque
缱	aque
綦	aqE
纤	aq2
𬘬	aq8
絜	aqV
綉	axu6
绣	axu6
絢	axu8
绚	axu8
縼	axuV
絺	axE
𫄨	axE
黹	axEH
綃	axL
绡	axL
緗	axT
缃	axT
紜	ayu8
纭	ayu8
紆	ayA
纡	ayA
綖	ayY
𫄧	ayY
絪	ay8
𬘡	ay8
緦	anua
缌	anua
䌥	anuo
耏	anuY
紲	ano
绁	ano
繜	azu8
織	azE
织	azE
整	az8
綴	aDuo
缀	aDuo
彩	aDuY
总	aDu3
總	aDu3
縒	aDo
絀	aDA
绌	aDA
絾	aD8
缍	aDV
伞	asua
傘	asua
繖	asua
絶	asue
绝	asue
纂	asu2
紳	as8
绅	as8
緻	arHY
縟	arua
缛	arua
紝	aru8
纴	aru8
絮	arA
紉	ar8
纫	ar8
縝	aHu8
缜	aHu8
纓	aHu3
缨	aHu3
絘	aHuV
紵	aHA
纻	aHA
絰	aHY
绖	aHY
級	aNa
级	aNa
形	aN8
紀	aNia
纪	aNia
綺	aNi6
绮	aNi6
影	aNi8
繄	aNiV
緑	alA
绿	alA
紷	ali8
累	aliV
纍	aliV
締	adE
缔	adE
纛	adiA
終	adi3
终	adi3
彤	ate
綈	atE
绨	atE
緣	atV
缘	atV
綏	atio
绥	atio
𲸰	atiY
縧	atiL
绦	atiL
綎	ati8
𬘩	ati8
縞	agL
缟	agL
紺	ag2
绀	ag2
綱	agT
纲	agT
紅	ag3
红	ag3
綆	agi8
绠	agi8
紸	aka
紧	ako
緊	ako
彡	ak2
縮	akiV
缩	akiV
󱰰	aho
絯	ahY
絎	ahT
绗	ahT
紘	ah3
纮	ah3
彪	ahiL
緱	ahi6
缑	ahi6
絵	ahiV
繪	ahiV
绘	ahiV
綹	a4u6
绺	a4u6
紼	a4iL
绋	a4iL
繶	a5L
𫄷	a5L
縊	a5iY
缢	a5iY
䌫	av2
纜	av2
缆	av2
綸	av8
纶	av8
系	avie
繫	avie
縭	aviV
缡	aviV
繻	aFo
緞	aF2
缎	aF2
綌	aFiV
绤	aFiV
緙	aBe
缂	aBe
綰	aBi2
绾	aBi2
繢	aBiV
缋	aBiV
絝	aca
绔	aca
繡	ac6
縤	aci6
繕	aci2
缮	aci2
纊	aciT
纩	aciT
𦅠	afa
轡	afe
辔	afe
絬	afL
紡	afT
纺	afT
紛	af8
纷	af8
緋	afV
绯	afV
繙	afi2
縲	aaliV
缧	aaliV
吧	oba
哱	obo
吡	obE
吥	obA
咇	ob6
𠳐	obT
咘	ob3
啵	obio
噼	opa
呸	opE
嚗	opL
嗙	opT
乓	opTH
嘭	op8
𠳝	opia
哌	opiY
嘌	opiL
响	opiT
呯	opi8
乒	opi8H
吗	oma
嗎	oma
嗼	omo
咪	omE
呣	omA
哞	om6
嘛	omia
喵	omiL
呡	omi8
鳴	omi3
鸣	omi3
咓	owa
呜	owA
嗚	owA
喂	owL
呒	ow6
嘸	ow6
吻	ow8
嗡	ow3
噬	owia
喔	owio
喟	owie
味	owiL
唔	owi6
噘	ojue
噍	ojuL
叴	oju6
噤	oju3
咖	oja
吤	oje
叽	ojE
嘰	ojE
啹	ojA
咬	ojL
啾	oqu6
唴	oquT
嗴	oquT
噙	oqu3
吠	oquV
唊	oqa
呿	oqA
唼	oqY
啨	oq8
嗄	oxua
哮	oxuL
唀	oxu6
喧	oxu2
咰	oxu8
吓	oxa
唏	oxE
嘘	oxA
咻	ox6
哅	ox3
啣	oxV
萂	oyfie
哑	oyua
啞	oyua
哓	oyuL
嘵	oyuL
呀	oya
吁	oyA
喓	oyL
咉	oyT
咽	oy8
囌	onuE
吽	onu6
唸	onu2
嘶	onuT
哪	ona
嗫	one
囁	one
呢	onE
嚘	on6
喃	on2
囔	onT
咛	on8
嚀	on8
哝	on3
噥	on3
唑	ozuo
哲	ozue
哳	ozueH
咤	ozuY
啭	ozu2
囀	ozu2
噂	ozu8
噿	ozuV
咋	oza
啅	ozo
啧	oze
嘖	oze
呮	ozE
喌	oz6
嘬	ozV
啜	oDuo
唓	oDue
𪠳	oDue
啋	oDuY
嘲	oDuL
嚓	oDa
嗟	oDo
嘈	oDL
嘇	oD2
唱	oDT
唾	oDV
嗍	osuo
嗖	os6
嗓	osT
呻	os8
噷	or73
嗕	orua
嘢	oruY
啁	oru6
嘫	oru2
嗏	ora
咗	oro
咡	ore
啮	orY
嚙	orY
呺	orL
呥	or2
嗦	oHci6
吱	oHua
叶	oHuo
嗞	oHuY
噡	oHu2
嗔	oHu8
嘤	oHu3
嚶	oHu3
呞	oHo
吇	oHL
呲	oHV
呰	oHVH
吸	oNa
咭	oNo
唉	oNY
嚍	oN3
噎	oNV
嚼	oNie
唧	oNiY
咹	oNi2
喇	ola
啰	olo
囉	olo
哩	olE
唻	olY
咾	olL
喽	ol6
嘍	ol6
啷	olT
咙	ol3
嚨	ol3
喺	olia
咧	olie
嗹	oli2
命	oli8
呤	oli8H
哆	odo
啲	ode
叨	odL
唞	od6
呾	od2
噹	odT
噔	od8
嚁	od1
唙	od1s
哒	odia
噠	odia
哚	odio
嗲	odie
叼	odiL
呧	odiT
叮	odi8
咚	odi3
吐	otA
咍	otY
嘡	otT
哃	ot3
喙	otV
呔	otiY
吞	oti2
嗰	oga
啯	ogo
嘓	ogo
咕	ogA
嘅	ogY
咁	og2
哏	og8
唝	og3
嗊	og3
噶	og1
咯	ogie
嗗	ogiA
呴	ogi6
哽	ogi8
吭	okT
啃	ok8
啌	ok3
呵	okie
嘱	okiA
囑	okiA
𠲎	oha
吙	oho
喝	ohe
嘿	ohE
咳	ohY
嚎	ohL
哼	oh8
咴	ohV
呼	ohiA
嘑	ohiA
嗐	ohiY
唬	ohiL
喉	ohi6
唅	ohi2
唛	o4uY
嘜	o4uY
吆	o4uL
侃	o4u2
啊	o4a
噩	o4o
呃	o4e
呓	o4E
囈	o4E
哎	o4Y
噢	o4L
嗯	o48
呋	o4ia
㕮	o4iA
咈	o4iL
啽	o4i2
咐	o4i3
喱	o5lE
哂	o5a
嘻	o5o
噫	o5L
吺	o5T
吣	o53
唽	o5io
嗌	o5iY
噚	o5i8
嘞	ove
嚟	ovL
嚠	ov6
吮	ov3
唎	ovV
呖	ovi6
嚦	ovi6
唡	oviT
啢	oviT
咏	ovi3
囄	oviV
唿	oFw8
喼	oFNa
嗪	oFi3
喻	o7o
嚏	o7E
呦	o76
嘾	o72
喑	o73
喁	o7ia
唁	o7iY
唹	o7iL
唷	o7iT
呱	oBa
哫	oB6
咣	oBT
啩	oBia
唇	oBi8
嘄	ocnuL
咵	oca
哙	ocY
噲	ocY
哐	ocT
喹	ocV
嗾	ocia
嗉	oci6
哗	ofa
嘩	ofa
唤	ofY
喚	ofY
喊	of6
吩	of8
啡	ofV
吪	ofia
和	ofie
咊	ofieH
噃	ofi2
喤	ofiT
唪	ofi3
哭	ooquV
啙	ooHV
啝	oofie
脖	ebo
胞	ebL
胈	ebia
脿	ebiL
臂	ebi6
膑	ebi8
臏	ebi8
背	ebiV
胚	epE
簲	epY
膰	ep2
膀	epT
膨	ep8
脈	epiY
脉	epiY
膜	emo
脒	emE
朦	em3
腛	ewio
腕	ewi2
望	ewiT
腱	ejuY
腃	eju2
肌	ejE
腒	ejA
胶	ejL
腺	equo
肷	eqo
期	eqE
胠	eqA
膙	eqT
炙	exzE
膤	exue
胁	exY
脅	exY
脇	exY
腥	ex8
胷	ex3
胸	ex3
羘	eyuT
腋	eye
腰	eyL
腌	ey2
胭	ey8
胹	enuY
脲	enL
腩	en2
脓	en3
膿	en3
䏝	ezu2
膞	ezu2
脏	ezuT
腫	ezu3
胙	eza
胀	ezT
脹	ezT
肿	ez3
朏	eDA
腄	eDV
脃	esue
脆	esue
胜	esu3
脱	esuV
脎	esa
膄	es6
胂	es8
膶	eruV
腬	er6
肢	eHua
脂	eHuL
膺	eH3
脐	eNL
臍	eNL
肼	eN8
胺	eNi2
膢	el6
𦝼	el6
朧	el3
胧	el3
膂	el1
膐	el1
朎	eli8
胆	ed2
膯	ed8
胨	ed3
腖	ed3
䏲	edV
脰	edi6
胝	ediT
瘸	etja
胎	etY
膛	etT
脮	etio
肽	etiY
奤	etiYH
腘	ego
膕	ego
𦙶	egA
膏	egL
胳	egie
够	egi6
夠	egi6
肝	egi2
肾	eko
腎	eko
肮	ekT
腔	ek3
腹	ekiY
胲	ehY
脝	eh8
肱	eh3
䯚	e4uL
腭	e4o
腻	e42
膩	e42
肤	e4ia
膚	e4ia
腐	e4io
腑	e4ioH
脬	e4iT
胕	e4i3
臆	e5L
䐪	e5ie
胪	eva
臚	eva
朤	evT
脷	evV
臁	evi2
臀	eFie
臋	eFie
脚	eFiV
腳	eFiV
脦	e7e
肫	e78
腿	e7V
胍	eBa
䏶	eBE
胱	eBT
胯	eca
肸	ecE
脍	ecY
膾	ecY
臗	ec2
膳	eci2
肥	efE
肪	efT
朌	ef8
腓	efV
膰	efi2
湣	Ebmi8
𣲩	Eba
浡	Ebo
沘	EbE
泌	Eb6
波	Ebio
滨	Ebi8
濱	Ebi8
澼	Epa
潽	EpA
瀑	EpL
潘	Ep2
滂	EpT
澎	Ep8
淜	Ep3
涄	Ep1
泼	Epio
溌	Epio
潑	Epio
沜	Epie
漂	EpiL
泙	Epi8
濒	Epi3
瀕	Epi3
酒	EpiV
涠	EmwiV
潿	EmwiV
漠	Emo
淿	Eme
洣	EmE
洠	Em6
漫	Em2
漭	EmT
濛	Em3
沫	Emio
沔	Emie
沐	EmiA
渵	EmiL
浼	Emi2
泖	EmiT
泯	Emi8
湄	EmiV
沩	EwE
溈	EwE
潙	EwE
潕	Ew6
𣲘	Ew6
澫	Ew2
𬇕	Ew2
汪	EwT
滃	Ew3
渥	Ewio
渭	Ewie
浯	Ewi6
涴	Ewi2
汶	Ewi8
湋	EwiV
𣲗	EwiV
㵐	Ejue
氿	Eju6
洚	EjuT
澿	Eju3
湔	EjuV
泇	Eja
洨	EjL
汣	Ej6
㵎	Ej2
涧	Ej2
澗	Ej2
浆	EjT
漿	EjT
湶	Equo
湫	Equ6
㳾	EquT
溬	EquT
潁	Equ8
颍	Equ8
浃	Eqa
浹	Eqa
沏	Eqe
淇	EqE
淁	EqY
浗	Eq6
清	Eq8
潔	EqV
泬	ExuY
涍	ExuL
渲	Exu2
潒	ExuT
洵	Exu8
况	Exu3
漩	ExuV
泻	Exo
瀉	Exo
澥	Exe
浠	ExE
消	ExL
洗	Ex2
冼	Ex2H
湘	ExT
汹	Ex3
洶	Ex3
薸	EypiL
淓	EyfT
藩	Eyfi2
沅	Eyuo
浇	EyuL
澆	EyuL
油	Eyu6
源	Eyu2
洋	EyuT
沄	Eyu8
澐	Eyu8
涌	Eyu3
冴	Eya
滟	Eyo
灔	Eyo
灧	Eyo
液	Eye
涎	EyY
淹	Ey2
泱	EyT
洇	Ey8
淰	Enu2
澌	EnuT
凘	EnuTH
浉	EnuV
溮	EnuV
泄	Eno
埿	EnE
泥	EnE
汝	EnA
湳	En2
泞	En8
澝	En8
濘	En8
浓	En3
濃	En3
洫	EnV
浙	Ezue
濢	EzuV
淖	Ezo
渍	Eze
漬	Eze
洙	EzA
洅	EzY
沼	EzL
洲	Ez6
沾	Ez2
涨	EzT
漲	EzT
涰	EDuo
潮	EDuL
沧	EDuT
滄	EDuT
湷	EDu8
漼	EDuV
凗	EDuVH
溠	EDo
测	EDe
測	EDe
池	EDE
漕	EDL
渗	ED2
滲	ED2
潸	Esua
潵	EsuaH
溯	Esuo
汋	EsuL
灀	EsuT
泩	Esu3
涚	EsuV
湜	EsE
沭	EsA
溲	Es6
汕	Es2
涑	Es3
澂	Erz8
瀓	Erz8
溽	Erua
溺	Eruo
淍	Eru6
溁	Eru3
濚	Eru3
润	EruV
潤	EruV
洱	Ere
汨	ErE
洳	ErA
渘	Er6
溶	Er3
汭	ErV
浜	EHbi8
潟	EHxo
溹	EHci6
汁	EHuo
滋	EHuY
沚	EHu6
泀	EHo
泗	EHe
淔	EH6
泚	EHV
滏	EN4iA
汲	ENa
凝	ENE
泃	ENA
涘	ENY
汽	EN6
汫	EN8
津	EN3
浕	EN3H
濜	EN3H
㳵	ENio
灂	ENie
凄	ENiL
洝	ENi2
泤	ENiT
渤	Elbo
湧	Elyu3
泺	Ele
濼	Ele
浬	ElE
渌	ElA
涞	ElY
淶	ElY
溇	El6
漊	El6
凛	El8
泷	El3
瀧	El3
冽	Elie
洌	ElieH
滤	EliA
濾	EliA
濑	EliY
瀨	EliY
溜	Eli6
涟	Eli2
漣	Eli2
冷	Eli8
泠	Eli8H
漋	Eli3
汏	Eda
渡	EdA
澄	Ed8
冻	Ed3
凍	Ed3
濯	Ed1
㳠	Edia
澾	Edia
滞	EdiY
滯	EdiY
汈	EdiL
浢	Edi6
滇	Edi2
泜	EdiT
涾	Eta
泝	Eto
浵	Ete
涕	EtE
汢	EtA
治	EtY
滔	EtL
滩	Et2
灘	Et2
漟	EtT
渟	Et8
洎	Et1
沺	Etie
汰	EtiY
涤	EtiL
滌	EtiL
添	Eti2
溏	EtiT
潼	Eti3
凅	Ega
涸	Ega
漍	Ego
𬇹	Ego
滒	Ege
沽	EgA
溉	EgY
沟	Eg6
泔	Eg2
汞	Eg3
滘	EgiL
港	EgiT
浭	Egi8
巛	EgiV
注	Eka
洘	EkL
涳	Ek3
涉	Ekia
浊	EkiA
濁	EkiA
滗	EkiL
潷	EkiL
滱	Eki6
湛	Eki2
漮	EkiT
泋	EhuE
汔	Ehu6
瀿	Ehu2
浌	Eha
渴	Ehe
潶	EhE
濠	EhL
洉	Eh6
涥	Eh8
洃	EhV
湱	Eh1
泛	Ehia
滹	EhiA
淲	EhiL
浛	Ehi2
泓	Ehi3
浍	EhiV
澮	EhiV
染	E4ua
洊	E4u8
汜	E4uV
澳	E4L
洑	E46
㳇	E4iA
渰	E4i2
浮	E4iT
洒	E5a
沁	E53
汐	E5ia
淅	E5io
溢	E5iY
溪	E5i6
浔	E5i8
潯	E5i8
泸	Eva
瀘	Eva
潞	Evo
浏	Ev6
瀏	Ev6
沦	Ev8
淪	Ev8
浰	EvV
漉	Evio
灑	EviY
溧	EviL
凓	EviLH
沥	Evi6
瀝	Evi6
濂	Evi2
泳	Evi3
漓	EviV
灕	EviV
淴	EFw8
㴔	EFNa
溆	EFa
浀	EFE
泅	EF6
潡	EF8
浒	EFia
滸	EFia
澱	EFie
瀻	EFiY
瀙	EFi8
溱	EFi3
渝	E7o
泑	E76
潭	E72
渔	E7T
漁	E7T
淤	E7iL
㳓	E7i6
淯	E7iT
溵	E7i8
浞	EB6
洸	EBT
滁	EBio
潺	EBie
濋	EBi6
涫	EBi2
洿	Eca
潻	Eco
澮	EcY
淑	EcL
潚	Ec6
洭	EcT
溗	Ec3
潥	Ecio
溸	Eci6
浈	Eci8
湞	Eci8
冱	Efo
淝	EfE
涣	EfY
渙	EfY
汸	EfT
汾	Ef8
沨	Ef3
渢	Ef3
沪	Efio
滬	Efio
湖	EfiA
瀵	EfiY
漶	Efi6
湟	EfiT
涽	Efi8
洄	EfiV
澪	E6li8
妣	AbE
妭	Abia
婊	AbiL
嬖	Abi6
姅	AbiT
嫔	Abi8
嬪	Abi8
妚	ApE
嫎	ApT
姵	ApV
娉	Ap1
妚	Apia
嫖	ApiL
媥	Api2
姠	ApiT
妈	Ama
媽	Ama
嫫	Amo
婂	Ame
姆	AmA
嫚	Am2
嬷	Am1
嫲	Amia
妺	Amio
媌	AmiL
媒	Ami6
娩	Ami2
姄	Ami8
媚	AmiV
娓	Awe
妫	AwE
媯	AwE
嬀	AwE
妩	Aw6
嫵	Aw6
媦	Awie
婉	Awi2
妄	AwiT
妏	Awi8
嫁	Ajua
妎	Aje
嫌	AjY
姣	AjL
媝	Aqu6
姾	Aqu2
姜	AquT
㛃	AqV
媗	Axu2
姰	Axu8
嫙	AxuV
姺	Ax2
娅	Ayua
婭	Ayua
妧	Ayuo
嫄	Ayu2
妘	Ayu8
㛚	Ayu3
婹	AyL
姎	AyT
姻	Ay8
媤	Anua
耍	AnuY
嬝	AnuL
妳	Anu8
媖	Anu3
娜	Ana
妮	AnE
奶	AnY
婻	An2
嬣	An8
𪥰	An8
姹	AzuY
姚	AzuL
嫥	Azu2
妆	AzuT
妝	AzuT
娤	AzuT
嫧	Aze
妱	AzL
姃	Az8
妕	Az3
婇	ADuY
媋	ADu8
乸	ADE
嬦	AD6
娼	ADT
娍	AD8
妁	AsuL
孀	AsuT
妇	AsL
婦	AsL
嫂	As6
妽	As8
媷	Arua
媆	AruT
嫩	AruT
妊	Aru8
媃	Ar6
姌	Ar2
嫆	Ar3
嫃	AHu8
孆	AHu3
姪	AHY
䒵	AHL
好	AHL
姞	ANo
娭	ANY
妌	AN8
嬧	AN3
婍	ANi6
姒	ANiT
婛	ANi3
娌	AlE
娽	AlA
婡	AlY
姥	AlL
娚	Al2
嫏	AlT
姴	Alie
媹	Ali6
姈	Ali8
嫘	AliV
媂	AdE
妒	AdA
妬	AdA
嬁	Ad8
娻	Ad3
娣	AdV
嬥	Ad1
奵	Adi8
始	AtY
嫍	AtL
婷	At8
婖	Ati2
娗	Ati8
媴	AtiV
姑	AgA
婜	Ako
娔	Ake
妸	Akie
嫝	AkiT
姂	Ahia
姶	Ahie
嫭	AhiA
媭	A4uT
嬃	A4uT
婬	A43
嬉	A5o
姖	A5V
嬼	Av6
孋	AviY
嬚	Avi2
孁	Avi8
嫕	AFNiV
娶	AFT
妪	AFi6
嫗	AFi6
婰	AFi2
媇	AFi8
嫀	AFi3
妤	A7L
毓	A7iT
姯	ABT
婠	ABi2
嫦	ABiT
娠	ABi8
姱	Aca
婌	AcL
婫	Ac8
嫊	Aci6
嬅	Afa
媍	AfA
妨	AfT
妢	Af8
婔	AfV
婲	Afia
姀	Afie
媩	AfiA
嬏	Afi2
媓	AfiT
婚	Afi8
恛	AfiV
嬵	Aame
姙	AVru8
悖	Ybo
怭	Yb6
怖	Yb3
惼	Ybi2
怑	YbiT
噽	YpE
嚭	YpE
怌	YpEH
慓	YpiL
怦	Ypi8
惬	Ymqa
愜	Ymqa
恈	Ym6
慢	Ym2
懞	Ym3
怃	Yw6
憮	Yw6
惚	Yw8
悟	Ywi6
惋	Ywi2
悯	Ywi8
憫	Ywi8
惓	Yju2
㦗	Yju3
恔	YjL
愀	Yqu6
恮	Yqu2
悏	Yqa
忺	Yqo
怯	YqA
忏	Yq2
情	Yq8
愃	Yxu2
恂	Yxu8
懈	Yxe
悕	YxE
恘	Yx6
惺	Yx8
忷	Yx3
怞	Yyu6
悀	Yyu3
怏	YyT
愢	Ynua
廿	Ynu2
惗	Ynu2H
怩	YnE
懮	Yn6
恤	YnV
怍	Yza
怔	Yz8
惙	YDuo
怆	YDuT
愴	YDuT
憁	YDu3
慛	YDuV
恻	YDe
惻	YDe
慒	YDL
懤	YD6
惨	YD2
慘	YD2
怵	YsA
悚	Ys3
愺	YruL
忮	YHua
恉	YHuL
憺	YHu2
恃	YHuT
慎	YHu8
惭	YH2
慚	YH2
懝	YNE
忾	YN6
愾	YN6
悈	YN2
忋	YNia
悸	YNio
憬	YNi8
惊	YNi3
恟	Ylx3
愑	Ylyu3
悝	YlE
恅	YlL
懔	Yl8
恡	Ylio
悋	Ylio
懒	YliY
懶	YliY
悢	YliT
怜	Yli8
忉	YdL
憕	Yd8
忊	Ydi8
惦	YdiV
悌	YtE
慆	YtL
憆	YtT
忲	YtiY
慖	Ygo
慨	YgY
惈	Ygio
愲	YgiA
忓	Ygi2
悭	Yko
慳	Yko
忼	YkT
悾	Yk3
愎	YkiY
慷	YkiT
忔	Yhu6
愒	Yhe
悍	Yh2
悙	Yh8
恢	YhV
慌	YhiT
㥛	Y4uE
愕	Y4o
懊	Y4L
怫	Y4iL
恓	Y5a
忆	Y5E
憶	Y5L
怇	Y5V
慀	Y5i6
惧	Y5iV
惀	Yv8
怺	Yvi3
憞	YF8
惇	YF8H
愉	Y7o
怮	Y76
忳	Y78
愔	Y73
恸	Y7i3
慟	Y7i3
慉	YBo
愅	YBe
悂	YBE
慥	YBL
惯	YB2
慣	YB2
憷	YBi6
悺	YBi2
恗	Yca
恇	YcT
憟	Ycio
愫	Yci6
憾	Yf6
悱	YfV
憣	Yfi2
惶	YfiT
惛	Yfi8
惽	Yfi8
慻	YTju2
餑	Lbo
饽	Lbo
飽	LbL
饱	LbL
餅	Lbi3
饼	Lbi3
餉	LpiT
饷	LpiT
饃	Lmo
馍	Lmo
饅	Lm2
馒	Lm2
飢	LjE
饑	LjE
饥	LjE
餃	LjL
饺	LjL
养	LyuT
養	LyuT
餏	LyE
饻	LyE
饢	LnT
馕	LnT
餷	LDua
馇	LDua
餟	LDuo
饈	LDu6
馐	LDu6
飿	LDA
饳	LDA
饊	Lsua
馓	Lsua
餿	Ls6
馊	Ls6
餗	Ls3
𫗧	Ls3
飪	Lru8
饪	Lru8
餌	Lre
饵	Lre
饕	LrL
飼	LHo
饲	LHo
餼	LN6
饩	LN6
餾	Lli6
馏	Lli6
𩟃	Lli8
饾	Ldi6
餒	Ltio
馁	Ltio
舔	Lti2
餹	LtiT
馉	LgiA
餄	Lhie
饸	Lhie
餱	Lhi6
飧	L5ia
飩	L78
饨	L78
餘	L7io
馀	L7io
館	LBi2
馆	LBi2
飯	Lf2
饭	Lf2
餬	LfiA
𫕠	6ba
雹	6bL
霹	6pa
霡	6piY
霢	6piY
霉	6mV
霂	6miA
雯	6wi8
雾	6wi3
霧	6wi3
霎	6qY
氰	6q8
霄	6xL
氩	6yua
氬	6yua
氧	6yuT
雲	6yu8
粤	6yA
氤	6y8
氖	6nY
霑	6z2
霰	6sua
氜	6rE
氨	6Ni2
氯	6lA
〇	6li8
零	6li8
氘	6dL
氭	6d3
氡	6di3
霆	6ti8
氚	6giV
氪	6ke
氦	6hY
鿫	64L
霪	643
氟	64iL
露	6vo
雳	6vi6
靂	6vi6
霅	67iY
雱	6fT
氛	6f8
霏	6fV
笆	2ba
㿟	2bY
笨	2b8
箄	2bV
簸	2bio
笾	2bie
籩	2bie
笸	2po
簰	2pY
籓	2p2
瓢	2piL
篻	2piLH
篇	2pi2
篚	2mfV
笷	2miT
笏	2w8
筮	2wia
箢	2wi2
箭	2juV
笳	2ja
简	2j2
簡	2j2
竞	2j8
競	2j8
竸	2j8
笕	2jV
筧	2jV
筌	2qu2
箧	2qa
篋	2qa
箐	2q8
筅	2x2
箱	2xT
篂	2x8
竽	2yA
筵	2yY
筛	2nuV
篩	2nuV
笊	2zua
箤	2zuV
箦	2ze
簀	2ze
篬	2DuT
筹	2D6
籌	2D6
箠	2DV
笙	2su3
甡	2su3H
筎	2rA
笍	2rV
笥	2Ho
孖	2HL
筝	2H8
笈	2Na
箩	2lo
籮	2lo
箓	2lA
籙	2lA
篓	2l6
簍	2l6
笼	2l3
籠	2l3
龖	2l3H
籁	2liY
籟	2liY
籀	2li6
笭	2li8
筜	2dT
簹	2dT
簦	2d8
第	2dV
笗	2di3
笞	2tY
籉	2tYH
筒	2t3
篆	2tV
篠	2tiL
篖	2tiT
筳	2ti8
篙	2gL
箝	2g2
𬕂	2g3
筶	2giL
笱	2gi6
竿	2gi2
筻	2gi8
兢	2ke
箜	2k3
簆	2ki6
筏	2ha
籇	2hL
筕	2hT
虤	2hiL
篌	2hi6
篟	24ue
友	24i6
符	24i3
囍	25o
箵	25e
簬	2vo
簕	2ve
簏	2vio
篥	2viL
簾	2vi2
篱	2viV
籬	2viV
筁	2FE
簟	272
簉	2BL
筀	2BV
管	2Bi2
瓠	2ca
筐	2cT
簇	2cia
䖵	2ci3
篁	2fiT
筘	28k6
聘	Tp1
覓	TpiY
觅	TpiY
瞟	TpiL
眯	TmE
覿	TmY
觌	TmY
眊	TmL
眸	Tm6
閿	Tm8
阌	Tm8
矇	Tm3
眄	Tmie
瞄	TmiL
眠	Tmi8
覡	Twia
觋	Twia
鼽	Tju6
眷	Tju2
睍	TjV
𪾢	TjV
瞅	Tqu6
睎	TxE
覷	TxA
觑	TxA
睲	Tx8
眻	TyuT
睒	TyuV
盱	TyA
眏	TyT
瞗	TnuL
齉	TnT
聍	Tn8
聹	Tn8
睟	TzuV
职	TzE
職	TzE
覘	Tz2
觇	Tz2
齄	TDua
睬	TDuY
睶	TDu8
聪	TDu3
聰	TDu3
耸	TD3
聳	TD3
睡	TDV
眚	Tsu3
瞍	Ts6
眒	Ts8
瞤	TruV
聃	Tr2
瞻	THu2
睁	TH8
睐	TlY
睞	TlY
䁖	Tl6
瞜	Tl6
聋	Tl3
聾	Tl3
眬	Tl3H
矓	Tl3H
聆	Tli8
耷	Tda
眵	Tdo
瞪	Td8
覴	Td8H
睇	TdV
盯	Tdi8
耵	Tdi8H
瞠	TtT
瞳	Tti3
联	TgE
聯	TgE
齁	Tgi6
䁂	Tko
瞩	TkiA
矚	TkiA
看	Tki2
眨	Thia
睺	Thi6
覦	T7o
觎	T7o
瞫	T72
盻	TcE
督	TcL
眶	TcT
睽	TciV
眆	TfT
睧	Tfi8
把	8ba
抔	8bA
抱	8bL
搬	8b2
搫	8b2H
挷	8bT
抪	8b3
拔	8bia
擘	8bi6
揙	8bi2
拌	8biT
摈	8bi8
擯	8bi8
摒	8bi3
揹	8biV
擗	8pa
播	8p2
拨	8pio
撥	8pio
𫝼	8pio
扑	8piA
攴	8piAH
攀	8pi6
抨	8pi8
搁	8mgie
擱	8mgie
摸	8mo
摹	8moH
拇	8mA
摱	8m2
扪	8m8
捫	8m8
抹	8mio
描	8miL
抿	8mi8
擝	8mi3
㧑	8wE
撝	8wE
抚	8w6
撫	8w6
握	8wio
捂	8wi6
掘	8juo
撅	8jue
揵	8juY
扏	8ju6
捲	8ju2
捃	8ju8
㩒	8ju3
据	8jA
搛	8jY
摪	8jT
挸	8jV
掮	8quY
挢	8quL
撟	8quL
揪	8qu6
擒	8qu3
挟	8qa
挾	8qa
抾	8qA
弆	8qAH
接	8qY
扦	8q2
摾	8qT
挈	8qV
揳	8qVH
揎	8xu2
菝	8ybia
掖	8ye
掩	8y2
拥	8y3
捻	8nu2
撕	8nuT
挪	8na
扰	8n6
擾	8n6
揇	8n2
攮	8nT
拧	8n8
擰	8n8
抓	8zua
挓	8zuY
抟	8zu2
摶	8zu2
撙	8zu8
捽	8zuV
拃	8za
抧	8zE
招	8zL
撮	8zV
㧐	8Duo
㩳	8Duo
採	8DuY
撺	8Du2
攛	8Du2
摧	8DuV
擦	8Da
搓	8Do
揓	8DE
拙	8DA
掺	8D2
摻	8D2
捶	8DV
撒	8sua
搠	8suo
摔	8suY
扚	8suL
攥	8su2
挩	8suV
摋	8sa
扫	8sL
掃	8sL
搜	8s6
搡	8sT
抻	8s8
捒	8s3
搙	8rua
搦	8ruo
㧶	8rue
搽	8ra
挕	8re
挐	8rA
揉	8r6
抩	8r2
搈	8r3
抐	8rV
撬	8Hxue
拶	8Hlie
桚	8Hlie
指	8HuL
扯	8Hu6
撄	8Hu3
攖	8Hu3
摲	8H2
拭	8HT
挣	8H8
擬	8NE
拘	8NA
挨	8NY
掎	8Ni6
按	8Ni2
拟	8NiT
捌	8lBiY
揦	8la
搂	8l6
摟	8l6
拢	8l3
攏	8l3
擂	8lV
挒	8lie
摅	8liA
攄	8liA
攋	8liY
拎	8li8
攂	8liV
抖	8d6
担	8d2
挡	8dT
擋	8dT
擢	8d1
挞	8dia
撻	8dia
抵	8diT
打	8di8
掂	8diV
拆	8to
抬	8tY
擡	8tY
搯	8tL
摊	8t2
攤	8t2
掾	8tV
掭	8ti2
搪	8tiT
挺	8ti8
掴	8go
摑	8go
摡	8gY
搞	8gL
抅	8g6
掆	8gT
找	8gV
挌	8gie
扞	8gi2
挭	8gi8
拱	8gi3
拄	8ka
掔	8ko
拷	8kL
扣	8k6
抗	8kT
掯	8k8
控	8k3
捗	8kia
揕	8ki2
擎	8ki8
攃	8huY
捍	8h2
掝	8hio
拾	8hie
拵	84u8
扼	84e
擙	84L
摁	848
㧟	84V
擓	84V
扶	84ia
拂	84iL
揜	84i2
抛	84iT
拊	84i3
擤	85e
拒	85V
弈	85iL
挦	85i8
撏	85i8
揽	8v2
攬	8v2
抡	8v8
掄	8v8
掳	8via
擄	8via
攎	8via
摛	8viV
捣	8FL
搗	8FL
撴	8F8
撉	8F8H
揿	8F3
撳	8F3
扙	8FiT
揄	87o
捳	87Y
拗	876
搐	8Bo
捉	8B6
實	8B2
掼	8B2
摜	8B2
挄	8BT
挂	8Bia
掛	8Bia
拐	8BiY
承	8Bi3
拯	8Bi3H
挎	8ca
掓	8cL
搧	8cie
扩	8ciT
擴	8ciT
揆	8ciV
撶	8fa
换	8fY
換	8fY
撼	8f6
弅	8f8
护	8fio
捧	8fi3
瑟	3b6
珌	3b6H
玻	3bio
璧	3bi6
瑸	3bi8
璸	3bi8
珮	3pV
珦	3piT
玶	3pi8
玛	3ma
瑪	3ma
驫	3maH
骉	3maH
珉	3mi8
瑂	3miV
珸	3wi6
琬	3wi2
玟	3wi8
玮	3wiV
瑋	3wiV
珺	3ju8
珈	3ja
玠	3je
玑	3jE
璣	3jE
琚	3jA
玖	3j6
现	3jV
現	3jV
瑔	3quo
猋	3quV
琪	3qE
球	3q6
琇	3xu6
璓	3xu6
瑄	3xu2
珣	3xu8
璇	3xuV
珕	3xY
瑆	3x8
玥	3yue
琰	3yuV
玡	3ya
琊	3ya
玗	3yA
玺	3nu8
璽	3nu8
瑛	3nu3
瑡	3nuV
珧	3zuL
瑼	3zu2
璻	3zuV
珠	3zA
玱	3DuT
瑲	3DuT
瑃	3Du8
璁	3Du3
璀	3DuV
瑳	3Do
珹	3D8
玓	3suL
珅	3s8
璲	3sV
珥	3re
瑈	3r6
珃	3r2
瑢	3r3
瑱	3Hu8
璎	3Hu3
瓔	3Hu3
矗	3H6
琤	3H8
玼	3HV
琎	3N8
璡	3N8
珒	3N3
㻑	3Nio
琦	3Ni6
璟	3Ni8
瓅	3le
𬍛	3le
理	3lE
琭	3lA
珯	3lL
瑯	3lT
珑	3l3
瓏	3l3
龘	3l3H
瑠	3li6
琏	3li2
璉	3li2
玲	3li8
𤧛	3dE
玳	3dY
珰	3dT
璫	3dT
璒	3d8
玎	3di8
珆	3tY
瑫	3tL
瑑	3tV
瑭	3tiT
珽	3ti8
玵	3g2
玒	3g3
玽	3gi6
玕	3gi2
珙	3gi3
珂	3kie
璥	3ki8
琥	3hiL
琀	3hi2
珩	3hi8
玞	34ia
琈	34iT
瓛	352
𤩽	352
㻪	35ie
璕	35i8
𬍤	35i8
璐	3vo
琍	3vV
璃	3viV
珏	3FY
瑖	3F2
玙	37a
璵	37a
瑜	37o
珖	3BT
珵	3B8
珪	3BV
琯	3Bi2
璯	3cY
琡	3cL
璛	3c6
琨	3c8
蟲	3ci3
瑏	3fya
瑍	3fY
𤥺	3fY
玢	3f8
瑚	3fiA
璠	3fi2
瑝	3fiT
琫	3fi3
璱	33b6
爸	Vba
侼	Vbo
孢	VbL
佨	VbLH
佖	Vb6
体	Vb8
佈	Vb3
佰	VbiY
俵	VbiL
伴	VbiT
傧	Vbi8
儐	Vbi8
併	Vbi3
倂	Vbi3
偝	VbiV
僻	Vpa
伾	VpE
儤	VpL
僠	Vp2
倗	Vp3
佩	VpV
俜	Vp1
仆	VpiA
僄	VpiL
偏	Vpi2
侔	Vm6
僈	Vm2
们	Vm8
們	Vm8
仫	Vm1
俛	Vmi2
佤	Vwa
伪	VwE
偽	VwE
僞	VwE
偎	VwL
儛	Vw6
仼	VwT
倭	VwV
偓	Vwio
伍	VwiA
俉	Vwi6
倇	Vwi2
伟	VwiV
偉	VwiV
傢	Vjua
倔	Vjuo
健	VjuY
僬	VjuL
仇	Vju6
倦	Vju2
佭	VjuT
侰	Vju8
僸	Vju3
伽	Vja
价	Vje
仉	VjE
倨	VjA
傔	VjY
佼	VjL
傹	Vj8
伒	Vj3
伣	VjV
俔	VjV
覎	VjVH
觃	VjVH
儙	Vque
侨	VquL
僑	VquL
佺	Vqu2
倾	Vqu8
傾	Vqu8
俅	Vq6
仟	Vq2
偰	VqV
侾	VxuL
像	VxuT
侚	Vxu8
俙	VxE
侁	Vx2
俹	Vyua
俨	VyuY
儼	VyuY
侥	VyuL
僥	VyuL
佯	VyuT
伝	Vyu8
俑	Vyu3
伢	Vya
依	VyE
御	VyY
偠	VyL
佣	Vy3
偲	Vnua
孽	Vnue
侕	VnuY
你	Vnu8
儞	Vnu8
偀	Vnu3
㑚	Vna
伲	VnE
孕	VnY
优	Vn6
優	Vn6
儾	VnT
侬	Vn3
儂	Vn3
侐	VnV
侳	Vzuo
侘	VzuY
侜	Vzu6
传	Vzu2
傳	Vzu2
僔	Vzu8
偅	Vzu3
倅	VzuV
倬	Vzo
债	Vze
債	Vze
侏	VzA
侢	VzY
佋	VzL
佔	Vz2
佂	Vz8
仲	Vz3
伡	VDue
俥	VDue
倸	VDuY
伧	VDuT
傖	VDuT
偆	VDu8
偬	VDu3
催	VDuV
侧	VDe
側	VDe
傮	VDL
俦	VD6
儔	VD6
傪	VD2
傪	VD2
倡	VDT
倕	VDV
甥	Vsu3
傁	Vs6
伸	Vs8
傉	Vrua
㑗	Vrue
倜	Vru6
任	Vru8
佐	Vro
佴	Vre
侞	VrA
仩	VrT
仞	Vr8
傛	Vr3
什	VHuo
孳	VHuY
企	VHu6
侍	VHuT
佽	VHuV
倁	VHa
伺	VHo
孠	VHoH
伫	VHA
佇	VHA
侄	VHY
仔	VHL
值	VH6
佌	VHV
伋	VNa
佶	VNo
儗	VNE
俟	VNY
侪	VNL
儕	VNL
侀	VN8
侭	VN3
儘	VN3
佢	VNiA
侒	VNi2
似	VNiT
佀	VNiT
倞	VNi3
儸	Vlo
俚	VlE
俫	VlY
倈	VlY
佬	VlL
偻	Vl6
僂	Vl6
侽	Vl2
係	Vlia
例	Vlie
僆	Vli2
俍	VliT
伶	Vli8
儡	VliV
侈	Vdo
偙	VdE
但	Vd2
儅	VdT
僜	Vd8
倲	Vd3
俤	VdV
僀	VdiY
侸	Vdi6
低	VdiT
仃	Vdi8
佟	Vdi3
孡	VtY
儓	VtYH
傩	Vt2
儺	Vt2
停	Vt8
侗	Vt3
僣	Vtia
俀	Vtio
佃	Vtie
傏	VtiT
侹	Vti8
僮	Vti3
个	Vga
個	Vga
估	VgA
佄	Vg2
价	Vgia
價	Vgia
佫	Vgie
傦	VgiA
佝	Vgi6
仠	Vgi2
甦	Vgi8
供	Vgi3
住	Vka
孯	Vko
侤	VkL
仨	Vk2
伉	VkT
倥	Vk3
偡	Vki2
儆	Vki8
偘	Vhu8
伙	Vho
孩	VhY
儫	VhL
俿	VhiL
候	Vhi6
倃	V4u6
侟	V4u8
偔	V4o
伕	V4ia
俯	V4io
佛	V4iL
俘	V4iT
僖	V5o
亿	V5E
仪	V5Y
儀	V5Y
億	V5L
伈	V53
㑺	V5ie
㑊	V5iL
傒	V5i6
傑	V5i2
杰	V5i2
俱	V5iV
伦	Vv8
倫	Vv8
俐	VvV
儢	Vvia
俪	VviY
儷	VviY
傈	VviL
俩	VviT
倆	VviT
佃	VFe
伛	VFi6
傴	VFi6
仗	VFiT
儭	VFi8
偷	V7o
伃	V7L
孧	V76
俆	V7io
佑	V7i6
俼	V7iT
傗	VBo
促	VB6
侊	VBT
侱	VB8
僝	VBie
儊	VBi6
倌	VBi2
偨	VcHV
侉	Vca
侩	VcY
儈	VcY
俶	VcL
僳	Vcio
傓	Vcie
傃	Vci6
僐	Vci2
侦	Vci8
偵	Vci8
㒘	Vfdi6
俷	VfE
偩	VfA
仮	Vf2
仿	VfT
倣	VfT
份	Vf8
偑	Vf3
偟	VfiT
俸	Vfi3
佪	VfiV
傫	ValiV
邲	1b6
鄙	1b1
陂	1bio
邶	1biV
邳	1pE
邺	1p6
鄴	1p6
鄱	1p2
鄚	1mo
鄮	1miT
郿	1miV
邬	1wA
鄔	1wA
隈	1wL
郚	1wi6
降	1juT
郡	1ju8
阶	1je
郊	1jL
郏	1qa
郟	1qa
阡	1q2
郇	1xu8
郗	1xE
邧	1yuo
邮	1yu6
邪	1ya
邘	1yA
陑	1nuY
卹	1nV
阼	1za
邾	1zA
陎	1zAH
巶	1zL
阽	1z2
阵	1Due
陣	1Due
䢺	1DA
陲	1DV
郵	1DVH
篹	1su2
隧	1sV
郮	1ru6
𨙸	1Hua
邿	1HuT
郅	1HY
阱	1N8
邢	1N8H
郪	1NiL
陇	1l3
隴	1l3
郄	1lio
邻	1li8
阧	1d6
邓	1d8
鄧	1d8
隥	1d8H
陈	1d3
陳	1d3
郖	1di6
邸	1diT
邰	1tY
䣘	1tT
鄌	1tiT
郜	1giL
郠	1gi8
䢼	1gi3
叩	1k6
邟	1kT
邩	1ho
郂	1hY
郈	1h6
郃	1hie
鄇	1hi6
鄂	14o
卾	14oH
隩	14L
郛	14iT
附	14i3
隘	15iY
鄩	15i8
𬩽	15i8
鄜	1vio
郦	1viY
酈	1viY
酃	1vi8
隙	1FiV
郤	1FiVH
隃	17o
隅	17ia
陛	1BE
郢	1B8
邨	1B3
邽	1BV
卺	1Bi3
郐	1cY
鄶	1cY
鄯	1ci2
邝	1ciT
鄺	1ciT
防	1fT
邡	1fTH
陞	1fiL
隍	1fiT
譬	ipa
譜	ipA
谱	ipA
諞	ipi2
谝	ipi2
評	ipi8
评	ipi8
謨	imo
谟	imo
謾	im2
谩	im2
謀	imi6
谋	imi6
譕	iw6
諉	iwV
诿	iwV
誣	iwia
诬	iwia
謂	iwie
谓	iwie
諱	iwiV
讳	iwiV
譏	ijE
讥	ijE
譴	ique
谴	ique
詮	iqu2
诠	iqu2
請	iq8
请	iq8
誘	ixu6
诱	ixu6
詢	ixu8
询	ixu8
詵	ix2
诜	ix2
謃	ix8
訩	ix3
讻	ix3
誦	iyu3
诵	iyu3
訝	iya
讶	iya
訏	iyA
𬣙	iyA
誕	iyY
诞	iyY
諗	inu2
谂	inu2
謎	izmE
谜	izmE
詫	izuY
诧	izuY
譐	izu8
誶	izuV
谇	izuV
詐	iza
诈	iza
識	izE
识	izE
誅	izA
诛	izA
詔	izL
诏	izL
詀	iz2
证	iz8
謿	iDuL
誠	iD8
诚	iD8
説	isuV
说	isuV
諟	isE
𬤊	isE
謏	is6
𫍲	is6
訕	is2
讪	is2
訷	is8
誀	ire
让	irT
訒	ir8
讱	ir8
計	iHuo
计	iHuo
詣	iHuL
诣	iHuL
譫	iHu2
谵	iHu2
詩	iHuT
诗	iHuT
詞	iHo
词	iHo
詝	iHA
𬣞	iHA
試	iHT
试	iHT
諍	iH8
诤	iH8
诶	iNY
誡	iN2
诫	iN2
誼	iNT
谊	iNT
讲	iN8
記	iNia
记	iNia
谫	iljuV
詾	ilx3
詟	il3
讋	il3
詅	ili8
諦	idE
谛	idE
證	id8
詆	idiT
诋	idiT
訂	idi8
订	idi8
訴	ito
诉	ito
詜	itL
諪	it8
詷	it3
𫍣	it3
謌	ige
詁	igA
诂	igA
誥	igiL
诰	igiL
註	ika
諶	iki2
谌	iki2
警	iki8
訖	ihu6
讫	ihu6
詼	ihV
诙	ihV
謊	ihiT
谎	ihiT
諤	i4o
谔	i4o
議	i5Y
议	i5Y
讞	i52
谳	i52
訫	i53
詎	i5V
讵	i5V
謚	i5iY
谥	i5iY
論	iv8
论	iv8
認	iFr8
誉	i7a
譽	i7a
諭	i7o
谕	i7o
譚	i72
谭	i72
諺	i7iV
谚	i7iV
詿	iBia
诖	iBia
誇	ica
誆	icT
诓	icT
譁	ifa
𬤝	ife
𫍯	if6
訪	ifT
访	ifT
諷	if3
讽	if3
誹	ifV
诽	ifV
訸	ifie
