毖	bb6
曝	bpL
飘	bpiL
飄	bpiLH
晌	bpiT
暯	bmo
曚	bm3
冕	bmi2
昴	bmiT
旺	bwT
暡	bw3
晤	bwi6
旻	bwi8
皎	bjL
暹	bque
晴	bq8
照	bxzL
晓	bxuL
暄	bxu2
晞	bxE
嫑	byL
映	byT
甭	by3
飔	bnua
昵	bnE
曩	bnT
晢	bzue
晁	bzuL
晬	bzuV
昭	bzL
昃	bzie
暙	bDu8
皠	bDuV
黜	bDA
晟	bD8
暰	bD3
飕	bs6
岚	bs2
晰	bH5io
昘	bHfT
嵵	bHuT
智	bHa
暂	bH2
皉	bHV
暻	bNi8
黥	bNi3
曪	blo
昽	bl3
量	bliT
皊	bli8
旳	bde
黛	bdY
旫	bdL
昸	bdi3
畠	btie
曈	bti3
暨	bgY
暠	bgL
旰	bgi2
曌	bk3
晘	bh2
晗	bhi2
晒	b5a
暿	b5o
皙	b5io
晹	b5iT
飓	b5iV
昶	bvi3
黝	b76
旽	b78
晨	bBi8
晇	bca
旷	bciT
暌	bciV
晔	bfa
昉	bfT
昐	bf8
凮	bf3
暃	bfV
驳	buo
秉	bu8
泵	bu36
巴	ba
八	baH
钯	baN
朳	bac
叭	bao
汃	baE
扒	ba8
玐	ba3
孛	bo
舶	boq
铂	boN
柏	boc
泊	boE
箔	bo2
碧	bo3
伯	boV
备	be
贬	bex
砭	bes
疺	bet
窆	bef
比	bE
荜	bEy
鸨	bEn
跸	bED
毕	bEH
哔	bEo
不	bA
晡	bAb
峬	bAw
埔	bAd
秿	bAh
庯	bA5
尃	bAf
補	bAu
哺	bAo
悑	bAY
捕	bA8
白	bY
拜	bYH
湃	bYE
拝	bY8
伯	bYV
包	bL
煲	bLx
葆	bLy
保	bLH
堡	bLd
堢	bLd
褒	bLu
媬	bLA
必	b6
崥	b6w
髀	b6j
庳	b65
裨	b6u
婢	b6A
俾	b6V
般	b2
昄	b2b
岅	b2w
版	b2q
舨	b2qH
钣	b2N
坂	b2d
粄	b2h
瓪	b27
板	b2c
汳	b2E
扳	b28
阪	b21
邦	bT
嵭	bTw
髈	bTj
艕	bTq
蒡	bTy
磅	bTs
镑	bTN
塝	bTd
牓	bT7
榜	bTc
嗙	bTo
膀	bTe
搒	bT8
傍	bTV
谤	bTi
本	b8
逩	b8z
奔	b8H
锛	b8N
喯	b8o
渀	b8E
捹	b88
布	b3
崩	b3w
蹦	b3D
堋	b3d
塴	b3dw
痭	b3t
奟	b3f
绷	b3a
嘣	b3o
傰	b3V
卑	bV
屃	bVp
赑	bVx
败	bVr
贝	bVH
钡	bVN
狈	bVv
贤	bVf
呗	bVo
友	bia
霸	biaH
坝	biad
壩	biad
灞	biaE
博	biop
礡	bios
膊	bioe
薄	bioEy
愽	bioY
簙	bio2
搏	bio8
边	bie
蹩	bieD
彆	biel
瘪	biet
蟞	biek
虌	biev
憋	bieF
鳖	bieB
襒	bieu
阜	biA
卜	biAH
补	biAu
卟	biAo
百	biY
罴	biYx
罢	biYH
䎬	biY7
襬	biYu
摆	biY8
表	biL
幖	biLp
熛	biLx
磦	biLs
镖	biLN
墂	biLd
瘭	biLt
骠	biLg
标	biLc
標	biLc
膘	biLe
篻	biL2
摽	biL8
檦	biL8c
僄	biLV
辟	bi6
畀	bi6H
痹	bi6t
鼻	bi64
濞	bi6E
嬶	bi6A
箅	bi62
扁	bi2
炞	bi2x
苄	bi2y
卞	bi2H
汴	bi2E
忭	bi2Y
抃	bi28
玣	bi23
半	biT
幣	biTp
蔽	biTy
敝	biTH
弊	biTt
宾	bi8
昞	bi8b
昺	bi8bH
炳	bi8x
苪	bi8y
丙	bi8H
病	bi8t
柄	bi8c
窉	bi8f
怲	bi8Y
眪	bi8T
抦	bi88
陃	bi8VH
邴	bi81
并	bi3
辈	bi3q
悲	bi3F
棑	bi3c
琲	bi33
北	biV
焙	biVx
蓓	biVy
碚	biVs
棓	biVc
倍	biVV
幚	pbT
屏	pbi3
配	ppiV
幙	pmo
卖	pmY
幔	pm2
帓	pmio
幄	pwio
帏	pwiV
幏	pjua
帹	pqY
屄	pxuY
协	pxY
屑	pxL
届	pyu6
扊	pyuV
屉	pno
帻	pze
帜	pzE
岾	pz2
帱	pD6
丛	pD3
帨	psuV
幥	pruT
帤	prA
韧	pr8
屍	pHue
些	pHV
丼	pN8
帒	pdY
帄	pdi8
韬	ptL
幍	ptL
屇	ptie
帼	pgo
叄	pk2
屬	pkiA
帿	phi6
屌	pFiL
肇	pciY
帧	pci8
房	pfT
帉	pf8
扉	pfV
屝	pfVH
扈	pfio
幡	pfi2
骋	pu8g
涄	pu8E
娉	pu8A
聘	pu8T
俜	pu8V
辟	pa
皅	pab
帊	pap
爬	paj
舥	paq
葩	pay
跁	paD
钯	paN
耙	pa7
杷	pac
潖	paE
妑	paA
筢	pa2
琶	pa33
叵	po
岶	pow
迫	poz
魄	pot
泊	poE
珀	po3
匹	pe
幋	pep
磐	pes
盘	peH
盤	pe4
槃	pec
媻	peA
丕	pE
屁	pEp
芘	pEy
毗	pE4
毘	pE4
枇	pEc
枈	pEcH
批	pE8
琵	pE33
仳	pEV
普	pA
圃	pAm
莆	pAy
铺	pAN
匍	pAl
葡	pAly
埔	pAd
脯	pAe
浦	pAE
蒲	pAEy
溥	pAEf
牌	pY
輫	pYq
猅	pYv
棑	pYc
裴	pYu
排	pY8
徘	pYVV
俳	pYVV
暴	pL
皰	pLj
爮	pLjH
炮	pLx
炰	pLx
跑	pLD
砲	pLs
刨	pLl
垉	pLd
疱	pLt
庖	pL5
狍	pLv
袍	pLu
咆	pLo
泡	pLE
萢	pLEy
匏	pL2
业	p6
匕	p6H
牝	p6g
庀	p65
叱	p6o
番	p2
贫	p2x
砏	p2s
颁	p2r
攽	p2rH
坌	p2d
椕	p2c
盼	p2T
扮	p28
玢	p23
邠	p21
訜	p2i
旁	pT
崥	pTw
埤	pTd
啤	pTo
脾	pTe
睥	pTT
郫	pT1
彭	p8
葐	p8y
盆	p8H
湓	p8E
朋	p3
歕	p3r
賁	p3H
喷	p3o
濆	p3E
币	pV
沛	pVE
伂	pVV
否	pia
帕	piap
苩	piay
袙	piau
啪	piao
怕	piaY
发	pio
岥	piow
蔢	pioy
破	pios
颇	pior
坡	piod
婆	pioA
陂	pio1
片	pie
撆	piej
鐅	pieN
潎	pieE
嫳	pieA
瞥	pieT
撇	pie8
卜	piA
蹼	piAD
墣	piAd
噗	piAo
濮	piAE
璞	piA3
僕	piAV
派	piY
苩	piYy
迫	piYz
廹	piYzH
拍	piY8
票	piL
皮	piLH
铍	piLN
疲	piLt
披	piL8
陂	piL1
樊	pi6
蓖	pi6y
貔	pi6v
媲	pi6A
嫓	pi6AH
篦	pi62
扁	pi2
鞭	pi2x
便	pi2H
楩	pi2c
緶	pi2a
箯	pi22
向	piT
牉	piTp
跘	piTD
叛	piTr
判	piTl
畔	piT4
袢	piTu
胖	piTe
泮	piTE
眫	piTT
平	pi8
屏	pi8p
幈	pi8pp
帡	pi8pH
硑	pi8s
塀	pi8dp
骈	pi8g
庰	pi85
瓶	pi87
胼	pi8e
洴	pi8E
姘	pi8A
箳	pi82p
聠	pi8T
拼	pi88
频	pi3
蓬	pi3y
纄	pi3a
篷	pi32
酉	piV
赔	piVx
咅	piVH
锫	piVN
剖	piVl
培	piVd
醅	piV4
婄	piVA
掊	piV8
琣	piV3
陪	piV1
圖	mb1
匾	mbi2
闵	mwi8
围	mwiV
阒	mju
圈	mju2
匧	mqa
圊	mq8
閸	myua
园	myuo
囩	myu8
阉	my2
囡	mnA
团	mzu2
團	mzu2
囟	mDu3
闭	mDY
阊	mDT
匴	msu2
囝	mHL
䦶	mH8
囹	mli8
閗	md6
匰	md2
闼	mdia
闘	mdi6
图	mdi3
囼	mtY
園	mtiV
阁	mgie
開	mkY
闫	mk2
闶	mkT
囥	mkT
阀	mha
闳	mh3
閤	mhie
阋	m4ie
囵	mv8
囤	m78
圁	m7iY
圆	m7i2
闺	mBV
匪	mfV
阍	mfi8
马	ma
密	maw
蜜	mak
秘	mah
宓	maf
嘧	mao
泌	maE
莫	mo
麽	mom
摩	moj
磨	mos
蘑	mosy
劘	mol
魔	mot
帛	me
坆	med
牧	meg
枚	mec
玫	me3
米	mE
冪	mEp
蘼	mEy
靡	mEh
糜	mEhH
縻	mEu
母	mA
暮	mAb
幕	mAp
募	mAl
墓	mAd
慕	mAF
买	mY
薶	mYy
埋	mYd
霾	mY6
毛	mL
帽	mLp
冇	mLy
冒	mLH
媢	mLA
瑁	mL3
牟	m6
黙	m6x
墨	m6d
默	m6v
嫼	m6A
曼	m2
暪	m2b
螨	m2k
懑	m2F
樠	m2c
满	m2E
瞒	m2T
瞞	m2TH
莽	mT
芒	mTy
牤	mTg
杗	mTc
吂	mTo
汒	mTE
茫	mTEy
忙	mTY
恾	mTYy
盲	mTT
盳	mTT
氓	mTV
邙	mT1
门	m8
暝	m8b
蓂	m8y
冥	m8H
螟	m8k
榠	m8c
溟	m8E
嫇	m8A
慏	m8Y
瞑	m8T
蒙	m3
孟	m3H
锰	m3N
勐	m3l
蜢	m3k
猛	m3v
掹	m38
每	mV
昧	mVb
魅	mVt
寐	mVf
沬	mVE
妹	mVA
眛	mVT
么	m1
畂	m1r
亩	m1H
畆	m1l
畒	m1V
麻	mia
弥	mial
猕	miav
祢	miau
沵	miaE
末	mio
殁	miot
没	mioE
灭	mie
丏	mie
幭	miep
蔑	miey
礣	mies
蠛	miek
衇	mieF
瀎	mieE
懱	mieY
篾	mie2
木	miA
苜	miAy
目	miAH
钼	miAN
睦	miA6
矛	miY
霡	miYe
苗	miL
秒	miLh
杪	miLc
缈	miLa
渺	miLET
妙	miLA
篎	miL2T
眇	miLT
某	mi6
缪	mi6a
谬	mi6i
免	mi2
面	mi2H
勔	mi2l
麺	mi2h
缅	mi2a
喕	mi2o
腼	mi2e
湎	mi2E
媔	mi2A
愐	mi2Y
偭	mi2V
卯	miT
尨	miTH
牻	miTg
庬	miT5
哤	miTo
娏	miTA
民	mi8
茗	mi8y
名	mi8H
铭	mi8N
酩	mi84
洺	mi8E
姳	mi8A
眳	mi8T
佲	mi8V
詺	mi8i
明	mi3
梦	mi3b
夢	mi3b
夣	mi3z
薨	mi3t
甍	mi37
懵	mi3Y
懜	mi3Yb
儚	mi3V
眉	miV
美	miVH
镁	miVN
渼	miVE
媄	miVA
芈	mi1
岜	wba
嶫	wp6
峁	wmiT
岷	wmi8
嵋	wmiV
嵔	wwL
嵡	ww3
崴	wwiY
斌	wwi8
崛	wjuo
岘	wjV
峤	wquL
峑	wqu2
嵌	wqo
嵹	wqT
岤	wxuY
嶑	wxuT
峋	wxu8
岄	wyue
峣	wyuL
崾	wyL
崦	wy2
峏	wnuY
嶟	wzu8
崪	wzuV
嵖	wDua
嵢	wDuT
嵟	wDuV
崱	wDe
嵾	wD2
峸	wD8
嵍	wrmiY
嵶	wruo
嵘	wru3
崓	wHga
弢	wHua
嵫	wHuY
嶦	wHu2
峙	wHuT
峥	wH8
岌	wNa
嶷	wNE
崎	wNi6
嵜	wNi6H
峖	wNi2
崃	wlY
峔	wlL
嵝	wl6
巃	wl3
峢	wlie
嵧	wli6
岭	wli8
岺	wli8H
岱	wdY
嶝	wd8
岽	wd3
嵽	wdiY
巅	wdi2
岻	wdiT
崉	wta
嵉	wt8
峒	wt3
嵣	wtiT
崮	wga
嵩	wgL
岗	wgT
嶱	wg1
峼	wgiL
岣	wgi6
峺	wgi8
嵀	wka
崆	wk3
岿	wkV
岢	wkie
嵻	wkiT
嶴	w4L
嵴	w4T
岪	w4iL
屹	w5E
嶲	w5ie
崙	wv8
嶋	wFL
嵚	wF3
岖	wFi6
屿	w7a
嵛	w7o
崳	w7o
岳	w7Y
幽	w76
岰	w76
嵙	wce
崑	wc8
崐	wc8H
嵅	wf6
岎	wf8
崲	wfiT
瓦	wa
街	wam
蛙	wak
畦	wa4
哇	wao
洼	waE
漥	waEf
娃	waA
我	wo
莴	woy
蜗	wok
窝	wof
涡	woE
濄	woEz
娲	woA
挝	wo8
尾	we
崤	wew
贿	wex
淆	weE
洧	weE
为	wE
卫	wEH
乌	wA
午	wAH
杵	wAc
忤	wAY
仵	wAV
外	wY
歪	wYH
畏	wL
嶆	wL
熨	wLx
蔚	wLy
尉	wLH
慰	wLF
无	w6
赋	w6x
鹉	w6n
武	w6H
万	w2
芄	w2y
丸	w2H
纨	w2a
王	wT
皖	wTb
烷	wTx
莞	wTy
完	wTH
脘	wTe
琓	wT3
勿	w8
韫	w8p
瘟	w8t
藴	w8ay
温	w8E
搵	w88
瑥	w83
翁	w3
邕	w3H
廱	w35
嗈	w3o
灉	w3E
齆	w3T
委	wV
帷	wVp
罹	wV4
维	wVa
唯	wVo
潍	wVE
惟	wVY
巫	wia
亏	wiaH
圬	wiad
朽	wiac
肟	wiae
污	wiaE
樗	wia6
屋	wio
鋈	wioN
沃	wioE
胃	wie
巍	wiew
魏	wieH
隗	wie1
五	wiA
茂	wiAy
戊	wiAH
戍	wiAd
戌	wiAh
威	wiY
髡	wiYj
兀	wiYH
未	wiL
嶶	wiLw
薇	wiLy
微	wiLH
徽	wiLa
瀓	wiLE
徵	wiL3
吾	wi6
鹜	wi6n
婺	wi6A
宛	wi2
弯	wi2H
塆	wi2d
湾	wi2E
亡	wiT
辋	wiTq
罔	wiTH
魍	wiTt
网	wiTa
網	wiTa
惘	wiTY
文	wi8
问	wi8o
闻	wi8T
务	wi3
吴	wi3H
蜈	wi3k
误	wi3i
韦	wiV
桅	wiVc
脆	wiVe
龅	jbL
搫	jb2
擘	jbi6
鬓	jbi8
攀	jpi6
髦	jmL
耄	jmLH
鬘	jm2
龌	jwio
毽	jjuY
毬	jq6
髹	jx6
齉	jnT
毡	jz2
挲	jso
毦	jre
挐	jrA
髯	jr2
髌	jHbi8
髻	jNo
髅	jl6
膐	jl1
龄	jli8
毭	jdi6
骶	jdiT
嘏	jgA
骼	jgie
齁	jgi6
耈	jgi6
骾	jgi8
毵	jk2
擎	jki8
骸	jhY
毫	jhL
骺	jh6
腐	j4io
毢	j5a
皲	j58
撉	jF8
骻	jca
髋	jc2
髣	jfT
家	jua
葭	juay
嘏	juaB
婽	juaA
假	juaV
屈	juo
啑	juoo
婕	juoA
睫	juoT
捷	juo8
厥	jue
炔	juex
缺	jue7
袂	jueu
决	jueE
抉	jue8
玦	jue3
诀	juei
建	juY
践	juYD
戋	juYH
残	juYt
线	juYa
浅	juYE
钱	juYL
饯	juYL
笺	juY2
焦	juL
邀	juLz
墽	juLd
檄	juLc
缴	juLa
噭	juLo
激	juLE
徼	juLV
儌	juLVV
九	ju6
舊	ju6y
臼	ju6H
舅	ju6V
旧	ju6i
卷	ju2
焆	ju2x
鹃	ju2n
埍	ju2d
罥	ju24
狷	ju2v
瓹	ju27
梋	ju2c
绢	ju2a
涓	ju2E
娟	ju2A
悁	ju2Y
睊	ju2T
捐	ju28
年	juT
夅	juT
茳	juTy
豇	juTh
匞	juTc
江	juTE
君	ju8
晙	ju8b
峻	ju8w
焌	ju8x
葰	ju8y
埈	ju8d
骏	ju8g
畯	ju84
竣	ju8f
浚	ju8E
俊	ju8V
禁	ju3
囧	ju3b
埛	ju3bd
炯	ju3x
烱	ju3x
迥	ju3z
坰	ju3d
泂	ju3E
浻	ju3Eb
前	juV
柬	juVH
谏	juVi
加	ja
闸	jam
岬	jaw
甲	jaH
钾	jaN
胛	jae
节	jo
羯	jog
竭	jof
揭	jo8
介	je
颉	jer
劼	jel
秸	jeh
桔	jec
结	jea
洁	jeE
诘	jei
几	jE
荠	jEy
跻	jED
剂	jEl
哜	jEo
济	jEE
霁	jE6
挤	jE8
居	jA
焗	jAx
局	jAH
锔	jAN
侷	jAV
兼	jY
碱	jYs
缄	jYa
减	jYE
箴	jY2
交	jL
峤	jLw
轿	jLq
骄	jLg
矫	jL7
娇	jLA
久	j6
鹫	j6n
蹴	j6D
蹵	j6DH
就	j6H
殧	j6t
噈	j6o
憱	j6Y
僦	j6V
间	j2
硷	j2s
剑	j2l
检	j2c
捡	j28
俭	j2V
将	jT
姜	jTy
礓	jTs
彊	jTl
疆	jTld
壃	jTd
殭	jTt
橿	jTc
缰	jTa
僵	jTV
竟	j8
茎	j8y
迳	j8z
颈	j8r
劲	j8l
痉	j8t
经	j8a
胫	j8e
泾	j8E
径	j8V
斤	j3
晋	j3H
戬	j3l
缙	j3a
瑨	j33
见	jV
监	jVH
鉴	jVN
鑑	jVN
尴	jVh
槛	jVc
稽	jib
鬂	jibi8
嵇	jih
尖	ji2
巾	ji8
艉	qwie
较	qjL
舰	qjV
艌	qnu2
转	qzu2
轵	qzE
舯	qz3
辍	qDuo
舱	qDuT
艚	qDL
艘	qs6
舢	qs2
鞣	qr6
轫	qr8
舻	qHva
舲	qli8
舠	qdL
艠	qd8
艇	qti8
辕	qtiV
轲	qkie
朅	qhe
轭	q4e
舾	q5a
轳	qva
轮	qv8
辘	qvio
辆	qviT
輙	qFT
舵	qFio
軘	q78
舫	qfT
艎	qfiT
启	qua
埳	quad
啗	quao
惂	quaY
馅	quaL
掐	qua8
陷	qua1
谄	quai
泉	quo
圈	quom
拳	quoj
弮	quol
蜷	quok
椦	quoc
绻	quoa
啳	quoo
婘	quoA
惓	quoY
棬	quo8
捲	quo8
遣	que
崅	quew
鹤	quen
确	ques
雀	queH
截	quel
榷	quec
搉	que8
傕	queV
肩	quY
佥	quYH
验	quYg
签	quY2
险	quY1
乔	quL
劁	quLl
樵	quLc
嫶	quLA
憔	quLY
瞧	quLT
谯	quLi
秋	qu6
崷	qu6w
煪	qu6x
遒	qu6z
酋	qu6H
䲡	qu6k
全	qu2
巏	qu2w
颧	qu2r
劝	qu2l
勸	qu2l
豢	qu2v
权	qu2c
權	qu2c
孉	qu2A
姜	quT
羌	quT
蔷	quTy
墙	quTd
廧	quT5
樯	quTc
嫱	quTA
顷	qu8
帬	qu8p
群	qu8g
羣	qu8g
裙	qu8u
裠	qu8u
禽	qu3
芩	qu3y
衾	qu3u
琴	qu33
犬	quV
歉	quVr
慊	quVY
谦	quVi
夹	qa
帢	qap
匼	qac
袷	qau
洽	qaE
恰	qaY
欠	qo
堑	qod
渐	qoE
切	qe
趄	qeD
且	qeH
蛆	qek
姐	qeA
笡	qe2
伹	qeV
其	qE
岂	qEw
起	qED
杞	qEc
觊	qET
玘	qE3
去	qA
衢	qAm
瞿	qAH
忂	qAV
妾	qY
峭	qYw
搴	qYj
鞘	qYx
骞	qYg
寨	qYc
巧	qL
悄	qLY
俏	qLV
诮	qLi
求	q6
丘	q6H
坵	q6d
蚯	q6k
邱	q61
千	q2
黔	q2b
贪	q2x
钤	q2N
强	qT
炝	qTx
跄	qTD
戗	qTl
枪	qTc
呛	qTo
抢	qT8
青	q8
锓	q8N
骎	q8g
寝	q8f
浸	q8E
寖	q8Ef
侵	q8V
寑	q8Vf
穷	q3
邛	q3H
蛩	q3k
桏	q3c
筇	q32
琼	q33
契	qV
膝	qVe
漆	qVE
祁	qV1
毳	qiL
靶	xba
韛	xbe
鞞	xbV
煸	xbi2
噽	xpE
嚭	xpEo
爆	xpL
熳	xm2
焖	xm8
煤	xmi6
贸	xmiT
煨	xwL
卐	xw2
焐	xwi6
赟	xwi8
炆	xwi8
炜	xwiV
煎	xjuV
贺	xja
灸	xj6
靳	xj3
䞍	xq8
焪	xq3
炲	xxtY
煊	xxu2
寫	xxo
烯	xxE
烌	xx6
煋	xx8
煜	xyu
烊	xyuT
焱	xyuV
鞅	xyT
炴	xyT
赝	xyV
犖	xnu6
勚	xno
燶	xn3
衅	xnV
炿	xzu6
赃	xzuT
炸	xza
焯	xzo
炽	xzE
炤	xzL
炶	xz2
账	xzT
賶	xDuT
熣	xDuV
财	xDY
財	xDY
赊	xse
燧	xsV
燃	xru2
赁	xru8
爃	xru3
煣	xr6
熔	xr3
贮	xHA
気	xN6
烬	xN3
鞍	xNi2
猄	xNi3
烁	xle
赉	xlY
赍	xlY
烂	xl2
恡	xlio
烈	xlie
熘	xli6
灶	xd
贷	xdY
燈	xd8
鞑	xdia
炵	xdi3
灶	xtA
炱	xtY
烔	xt3
畑	xtie
煻	xtiT
购	xg6
焵	xgT
贡	xg3
夠	xgi6
炷	xka
烤	xkL
卅	xk2
炕	xkT
鞚	xk3
鞏	xki3
煰	xhu8
悍	xh2
焊	xh2
烹	xh8
烀	xhiA
焓	xhi2
烩	xhiV
煾	x48
熹	x5o
熺	x5o
炬	x5V
赐	x5iT
爧	xvi8
煅	xF2
燉	xF8
貣	x7e
煺	x7V
烝	xBi3
焜	xc8
熴	xc8w
煽	xcie
熟	xciL
烛	xci3
烨	xfa
焕	xfY
贩	xf2
炃	xf8
煈	xf3
货	xfia
煳	xfiA
燔	xfi2
煌	xfiT
焝	xfi8
夏	xua
辖	xuaq
瞎	xuaT
鲜	xuo
佡	xuow
苮	xuoy
籼	xuoh
氙	xuo6
仙	xuoV
雪	xue
峃	xuew
敩	xuer
壆	xued
泶	xue6
学	xueV
穴	xuY
锨	xuYN
掀	xuY8
孝	xuL
萧	xuLy
彇	xuLl
橚	xuLc
啸	xuLo
潇	xuLE
箫	xuL2
秀	xu6
臭	xu6H
螑	xu6k
齅	xu64
嗅	xu6o
溴	xu6E
宣	xu2
炫	xu2x
玄	xu2H
铉	xu2N
弦	xu2l
泫	xu2E
妶	xu2A
怰	xu2Y
眩	xu2T
玹	xu23
伭	xu2V
象	xuT
郷	xuTj
芗	xuTy
乡	xuTH
鲞	xuTB
膷	xuTe
飨	xuTL
旬	xu8
巡	xu8z
顺	xu8r
驯	xu8g
杊	xu8c
紃	xu8a
训	xu8i
兄	xu3
狌	xu3v
鮏	xu3B
姓	xu3A
性	xu3Y
旋	xuV
皆	xuVH
堦	xuVd
喈	xuVo
偕	xuVV
谐	xuVi
下	xa
暇	xab
遐	xaz
叚	xaH
霞	xa6
睱	xaT
瑕	xa3
徦	xaV
写	xo
塮	xod
榭	xoc
谢	xoi
解	xe
颉	xeH
缬	xea
撷	xe8
希	xE
熄	xEx
息	xEH
鎴	xEN
螅	xEk
媳	xEA
悕	xEY
虚	xA
胥	xAH
壻	xAd
婿	xAA
揟	xA8
偦	xAV
谞	xAi
办	xY
显	xYH
湿	xYE
隰	xY1
肖	xL
效	xLr
効	xLl
校	xLc
姣	xLA
傚	xLV
休	x6
岫	x6w
袖	x6u
先	x2
鹇	x2n
闲	x2H
痫	x2t
娴	x2A
僩	x2V
相	xT
翔	xTn
庠	xT5
祥	xTu
絴	xTa
详	xTi
星	x8
荇	x8y
硎	x8s
刑	x8ld
型	x8ld
形	x8a
洐	x8E
邢	x8V
侀	x8Vl
凶	x3
圉	x3m
幸	x3H
緈	x3a
啈	x3o
涬	x3E
婞	x3A
悻	x3Y
倖	x3V
卸	xV
县	xVH
悬	xVF
芭	yba
芘	ybE
苞	ybL
苾	yb6
苯	yb8
菠	ybio
薜	ybi6
萹	ybi2
苝	ybiV
蒡	ypT
蒎	ypiY
苹	ypi8
蘋	ypi3
蓜	ypiV
荬	ymY
芼	ymL
蔓	ym2
莓	ymV
茉	ymio
莯	ymiA
茅	ymiY
茆	ymiT
苠	ymi8
萌	ymi3
芜	yw6
芴	yw8
蓊	yw3
萎	ywV
葳	ywiY
菀	ywi2
莣	ywiT
苇	ywiV
菋	ywiV
蕨	yjue
蕉	yjuL
艽	yju6
莙	yju8
茄	yja
芥	yje
茭	yjL
蒋	yjT
芹	yj3
苋	yjV
荞	yquL
萩	yqu6
荃	yqu2
荚	yqa
芡	yqo
萁	yqE
芊	yq2
䓖	yq3
藓	yxuo
莠	yxu6
萱	yxu2
荀	yxu8
葙	yxT
芫	yyuo
芸	yyu8
芽	yya
芋	yyA
葽	yyL
茵	yy8
葸	ynua
茑	ynuL
荦	ynu6
艿	ynY
苧	yn8
蒾	yzmE
蓙	yzuo
茱	yzA
茬	yzY
菬	yzL
苫	yz2
茽	yz3
蕞	yzV
莗	yDue
菜	yDuY
苍	yDuT
葱	yDu3
蒫	yDo
萴	yDe
茁	yDA
蔘	yD2
菖	yDT
苁	yD3
菙	yDV
蒴	ysuo
芍	ysuL
蒜	ysu2
荪	ysu8
苼	ysu3
莎	yso
蒻	yruo
草	yruL
荏	yru8
茸	yre
茹	yrA
苒	yr2
蓉	yr3
芮	yrV
芷	yHu6
薝	yHu2
茨	yHuV
苎	yHA
芓	yHL
茈	yHV
芨	yNa
荠	yNL
荩	yN3
蕖	yNiA
萋	yNiL
荌	yNi2
萻	yNi2
苡	yNiT
萝	ylo
菉	ylA
莱	ylY
荖	ylL
蒌	yl6
莮	yl2
茏	yl3
蕾	ylV
塟	yliYd
葬	yliYt
莲	yli2
莨	yliT
苓	yli8
蕯	yli3
茤	ydo
菂	yde
蒂	ydE
芀	ydL
荻	ydis
荙	ydia
蔕	ydiY
荳	ydi6
芪	ydiT
艼	ydi8
苳	ydi3
苔	ytY
蓞	ytL
葶	yt8
茼	yt3
菟	ytiA
蓎	ytiT
莛	yti8
菇	ygA
藁	ygL
芶	yg6
苷	yg2
茛	yg8
菓	ygio
苟	ygi6
莄	ygi8
荆	ykYl
苛	ykie
蔲	yki6
葚	yki2
蓿	ykiV
藊	yhbi2
藐	yhuL
蘩	yhu2
茷	yha
萫	yhT
葔	yhi6
莟	yhi2
蘅	yhi8
荟	yhiV
蕥	y4ya
蒨	y4ue
荐	y4u8
萼	y4o
苊	y4e
茯	y46
蒽	y48
芙	y4ia
荫	y4i8
苻	y4i3
菔	y4iV
茜	y5a
薏	y5L
芯	y53
蕊	y53
苣	y5V
菥	y5io
荨	y5i8
莘	y5i3
蕗	yvo
荔	yvE
藜	yvL
蓢	yvT
莉	yvV
蓠	yviV
藽	yFi8
芧	y7L
蕈	y72
蓟	y7T
芚	y78
菸	y7iL
蓄	yBo
莼	yB3
莂	yBiY
菅	yBi2
莀	yBi8
蒸	yBi3
苏	yco
蘇	ycoH
菽	ycL
蔟	ycia
茧	yci3
葵	yciV
華	yfa
蕙	yfe
芳	yfT
芬	yf8
菲	yfV
花	yfia
葫	yfiA
蕃	yfi2
茴	yfiV
昱	yu
亚	yua
靥	yuam
厴	yuaj
厌	yuaH
压	yuad
魇	yuat
厣	yua4
嚈	yuao
恹	yuaY
餍	yuaL
元	yuo
越	yuoD
钺	yuoN
樾	yuoc
泧	yuoE
月	yue
阅	yuem
粤	yuej
魆	yuet
哾	yueo
悦	yueY
说	yuei
説	yuei
严	yuY
嚴	yuY
燕	yuYH
嬿	yuYA
䜩	yuYi
尧	yuL
岆	yuLw
跃	yuLD
夭	yuLH
殀	yuLt
袄	yuLu
妖	yuLA
笑	yuL2
仸	yuLV
由	yu6
囿	yu6m
峟	yu6w
肴	yu6x
有	yu6H
铕	yu6N
宥	yu6f
哊	yu6o
姷	yu6A
侑	yu6V
郁	yu61
原	yu2
暖	yu2b
爰	yu2H
缓	yu2a
喛	yu2o
湲	yu2E
媛	yu2A
援	yu28
瑗	yu23
羊	yuT
羡	yuTD
恙	yuTF
漾	yuTE
养	yuTL
云	yu8
晕	yu8b
喗	yu8o
恽	yu8Y
郓	yu81
甬	yu3
牗	yu3p
庸	yu3H
镛	yu3N
墉	yu3d
槦	yu3c
滽	yu3E
嫞	yu3A
慵	yu3Y
傭	yu3V
雨	yuV
炎	yuV
船	yuVq
铅	yuVN
沿	yuVE
牙	ya
崖	yaw
厓	yaH
堐	yad
涯	yaE
艳	yo
匽	yom
晏	yoH
堰	yod
宴	yof
偃	yoV
郾	yo1
夜	ye
耶	yeH
椰	yec
揶	ye8
爷	yeV
倻	yeVH
衣	yE
夷	yEH
咦	yEo
胰	yEe
侇	yEV
于	yA
峪	yAw
欲	yAr
郤	yAr
裕	yAu
浴	yAE
俗	yAV
延	yY
蔫	yYy
遥	yYz
焉	yYH
嫣	yYA
傿	yYV
鄢	yY1
要	yL
暚	yLb
鹞	yLn
鳐	yLB
窑	yLf
繇	yLu
嗂	yLo
媱	yLA
愮	yLY
摇	yL8
瑶	yL3
傜	yLV
谣	yLi
尤	y6
倐	y6x
攸	y6H
倏	y6v
悠	y6F
修	y6a
脩	y6e
筱	y62
奄	y2
临	y2b
烟	y2x
煙	y2x
咽	y2o
胭	y2e
湮	y2E
央	yT
旸	yTb
暘	yTb
崵	yTw
炀	yTx
昜	yTH
鍚	yTN
疡	yTt
杨	yTc
飏	yTf3
婸	yTA
扬	yT8
瑒	yT3
阳	yT1
因	y8
赢	y8x
羸	y8g
瀛	y8E
嬴	y8A
攍	y88
用	y3
雍	y3H
壅	y3d
癕	y3t
噰	y3o
臃	y3e
澭	y3E
擁	y38
雁	yV
阎	yVm
焰	yVx
丫	yia
衙	yiam
姨	yiA
颖	yi8h
颍	yi86
䴙	npa
鹏	np3
翲	npiL
翩	npi2
渊	nmE
鹋	nmiL
䴗	nju
翦	njuV
䴔	njL
鸠	nji6
胤	nyue
翘	nyuL
鸦	nya
鵺	nye
鸯	nyT
鸸	nnuY
鸧	nDuT
鹴	nsuT
鶸	nruo
翅	nHua
鸤	nHue
鹦	nHu3
鹰	nH3
雌	nHV
翳	nNiV
䴕	nlie
翎	nli8
凳	nd8
鵚	nti6
鸪	ngA
翯	ngL
鹘	ngiA
鵼	nk3
凭	nhu3
雄	nh3
翭	nhi6
鹗	n4o
孵	n4iT
鸡	n5i6
鸬	nva
鹭	nvo
鹂	nviY
離	nviV
鸢	n7e
翮	nBe
鹍	nc8
鴋	nfT
凤	nf3
翡	nfV
飞	nfiL
飛	nfiL
翻	nfi2
凰	nfiT
思	nua
剌	nual
癞	nuat
辣	nuah
喇	nuao
揦	nua8
急	nuo
匿	nuom
鍩	nuoN
慝	nuoF
喏	nuoo
掿	nuo8
诺	nuoi
薛	nue
疟	nuet
虐	nueE
瘧	nueEt
谑	nueit
而	nuY
萘	nuYy
奈	nuYH
柰	nuYc
渿	nuYE
捺	nuY8
鸟	nuL
颾	nuLb
蚤	nuLH
瘙	nuLt
骚	nuLg
鳋	nuLB
溞	nuLE
搔	nuL8
掻	nuL8
牛	nu6
茌	nu6y
士	nu6H
仕	nu6V
念	nu2
辗	nu2q
蹍	nu2D
碾	nu2s
斯	nuT
鸶	nuTn
丝	nuTH
糸	nuTu
纟	nuTa
咝	nuTo
尔	nu8
茚	nu8y
印	nu8H
䲟	nu8B
英	nu3
荧	nu3x
莺	nu3n
蓥	nu3N
茔	nu3d
萤	nu3k
萦	nu3u
营	nu3oo
滢	nu3E
潆	nu3Eu
荥	nu36
莹	nu33
师	nuV
輦	nuVH
撵	nuV8
那	na
蒳	nay
钠	naN
衲	nau
纳	naa
呐	nao
肭	nae
妠	naA
世	no
糯	noh
穤	nohH
糥	nohh
懦	noY
聂	ne
涅	neE
湼	neE
捏	ne8
尼	nE
晲	nEb
兒	nEH
猊	nEv
麑	nEvH
鲵	nEB
婗	nEA
霓	nE6
睨	nET
倪	nEV
女	nA
帑	nAp
胬	nAj
砮	nAs
奴	nAH
努	nAl
弩	nAlH
驽	nAg
怒	nAF
呶	nAo
笯	nA2
孥	nAV
乃	nY
史	nYH
驶	nYg
尿	nL
垴	nLd
匘	nLt
脑	nLe
恼	nLY
瑙	nL3
忧	n6
懮	n6
靵	n6x
钮	n6N
狃	n6v
莥	n6vy
杻	n6c
纽	n6a
沑	n6E
妞	n6A
忸	n6Y
扭	n68
南	n2
黏	n2h
秥	n2hH
鲇	n2B
拈	n28
囊	nT
酿	nT4
娘	nTA
宁	n8
熊	n8x
能	n8H
螚	n8k
䎱	n87
农	n3
引	n3H
蚓	n3k
吲	n3o
血	nV
嵲	nVw
臬	nVH
镍	nVN
臲	nV4
乜	nie
皕	zbY
避	zbi6
遍	zbi2
迸	zbi3
爿	zpi2
迷	zmE
迯	zwY
迈	zw2
迋	zwT
这	zwi8
违	zwiV
孓	zjue
逄	zjuT
迦	zja
近	zj3
孑	zjie
逑	zq6
迁	zq2
透	zxu6
邂	zxe
逍	zxL
选	zx2
远	zyuo
运	zyu8
艶	zyo
迂	zyA
迩	znu8
遵	zzu8
再	zzY
逊	zsu8
遈	zsE
述	zsA
速	zs3
週	zru6
孠	zHo
孜	zHL
进	zN8
逻	zlo
逯	zlA
辽	zliL
遛	zli6
辺	zdL
邆	zd8
递	zdV
逖	zdis
达	zdia
跺	zdio
逗	zdi6
逸	ztiA
遠	ztiV
送	zgE
邈	zhuL
迄	zhu6
逅	zh6
囍	z5o
逦	zviY
逾	z7o
遇	z7ia
逞	zB8
遗	zBiV
适	zfL
返	zf2
遑	zfiT
廻	zfiVH
迴	zfiVH
爪	zua
皶	zuaj
査	zuaH
楂	zuac
喳	zuao
渣	zuaE
揸	zua8
坐	zuo
剢	zuol
塚	zuod
冢	zuof
啄	zuoo
涿	zuoE
琢	zuo3
诼	zuoi
折	zue
蔗	zuey
鹧	zuen
遮	zuez
庶	zueH
嗻	zueo
嫬	zueA
宅	zuY
窄	zuYH
醡	zuY4
榨	zuYc
兆	zuL
燥	zuLx
躁	zuLD
趮	zuLD
喿	zuLH
噪	zuLo
澡	zuLE
藻	zuLEy
璪	zuL3
譟	zuLi
舟	zu6
疛	zu6t
纣	zu6a
肘	zu6e
胕	zu6V
专	zu2
巽	zu2H
潠	zu2E
馔	zu2L
簨	zu22
撰	zu28
僎	zu2V
庄	zuT
壮	zuTd
娤	zuTdl
弉	zuTt
状	zuTv
奘	zuTf
装	zuTu
妆	zuTA
尊	zu8
郑	zu8H
掷	zu88
重	zu3
鬃	zu3j
踪	zu3D
宗	zu3H
粽	zu3h
棕	zu3c
综	zu3a
腙	zu3e
卒	zuV
追	zuVz
缒	zuVa
膇	zuVe
乍	za
乢	zaw
轧	zaq
虬	zak
蚻	zak
乳	zav
札	zac
紮	zau
辄	zaT
扎	za8
卓	zo
昨	zob
岞	zow
岝	zow
做	zor
秨	zoh
酢	zo4
柞	zoc
祚	zou
怍	zoY
笮	zo2
作	zoV
莋	zoVy
筰	zoV2
责	ze
礋	zes
睪	zeH
释	zeh
泽	zeE
澤	zeEH
择	ze8
只	zE
炙	zEx
芝	zEy
之	zEH
朱	zA
屠	zAp
煮	zAx
著	zAy
翥	zAn
墸	zAd
褚	zAu
渚	zAE
箸	zA2
诸	zAi
在	zY
载	zYq
灾	zYx
烖	zYx
賳	zYx
栽	zYc
裁	zYu
哉	zYo
渽	zYE
傤	zYV
召	zL
遭	zLz
蹧	zLD
糟	zLh
醩	zL4
傮	zLV
州	z6
皱	z6j
煞	z6rx
绉	z6a
㤘	z6Y
㑇	z6V
诌	z6i
占	z2
趱	z2D
赞	z2H
囋	z2o
攒	z28
瓒	z23
儹	z2V
讃	z2i
长	zT
幛	zTp
嶂	zTw
章	zTH
墇	zTd
瘴	zTt
蟑	zTk
獐	zTv
樟	zTc
彰	zTa
漳	zTE
嫜	zTA
暲	zTA
慞	zTY
瞕	zTT
璋	zT3
傽	zTV
障	zT1
鄣	zT1
正	z8
轸	z8q
趁	z8D
疹	z8t
胗	z8e
餮	z8L
眕	z8T
抮	z88
珍	z83
诊	z8i
中	z3
枞	z3c
纵	z3a
最	zV
隹	zVH
锥	zVN
骓	zVg
椎	zVc
仄	zie
跋	Dbia
跛	Dbio
跘	DbiT
跰	Dbi3
处	DwY
踞	DjA
跤	DjL
踿	Dqu6
踥	DqY
赵	DxL
跣	Dx2
跷	DyuL
踊	Dyu3
蹑	Dne
踵	Dzu3
歵	Dze
咫	DzE
踩	DDuY
蹿	DDu2
蹉	DDo
踌	DD6
蹂	Dr6
趾	DHu6
踭	DH8
蹓	Dli6
踉	DliT
庹	Ddu
疍	Dd2
蹬	Dd8
跶	Ddia
躲	Ddio
蹛	DdiY
踮	DdiV
踏	Dta
跆	DtY
蹈	DtL
蹚	DtT
敲	DgL
跟	Dg8
赶	Dgi2
躻	Dk3
踄	Dkia
躿	DkiT
距	D5V
蹊	D5i6
趣	DFT
躯	DFi6
踰	D7o
蹆	D7V
趗	DB6
跨	Dca
踧	DcL
赪	Dci8
趽	DfT
查	Dua
秅	Duah
吒	Duao
奼	DuaA
托	Dua8
仛	DuaV
双	Duo
斮	Duoj
错	DuoN
剒	Duol
瘄	Duot
醋	Duo4
厝	Duo5
棤	Duoc
庴	Duof
措	Duo8
諎	Duoi
车	Due
掣	Duej
制	DueH
采	DuY
遄	DuYz
踹	DuYD
歂	DuYr
椯	DuYc
喘	DuYo
篅	DuY2
揣	DuY8
朝	DuL
炒	DuLx
钞	DuLN
粆	DuLh
耖	DuL7
吵	DuLo
抄	DuL8
仯	DuLV
丑	Du6
辏	Du6q
奏	Du6H
楱	Du6c
腠	Du6e
凑	Du6E
揍	Du68
串	Du2
巉	Du2w
劖	Du2l
欃	Du2c
嚵	Du2o
馋	Du2L
搀	Du28
儳	Du2V
谗	Du2i
仓	DuT
场	DuTd
畅	DuT4
畼	DuT4H
肠	DuTe
玚	DuT3
春	Du8
寸	Du8H
刌	Du8l
籿	Du8h
村	Du8c
衬	Du8u
吋	Du8o
忖	Du8Y
总	Du3
翀	Du3n
种	Du3h
冲	Du3E
沖	Du3EH
浺	Du3EY
忡	Du3Y
崔	DuV
崒	DuVw
焠	DuVx
萃	DuVy
翠	DuVn
卒	DuVH
瘁	DuVt
粹	DuVh
猝	DuVv
椊	DuVc
窣	DuVf
啐	DuVo
脺	DuVe
膵	DuVey
臎	DuVen
淬	DuVE
濢	DuVEn
悴	DuVY
琗	DuV3
倅	DuVV
察	Da
岔	Daw
芆	Day
叉	DaH
钗	DaN
杈	Dac
衩	Dau
汊	DaE
扠	Da8
訍	Dai
差	Do
莝	Doy
遳	Doz
夎	Dor
锉	DoN
剉	Dol
痤	Dot
矬	Do7
脞	Doe
睉	DoT
挫	Do8
则	De
辙	Deq
勶	Del
澈	DeE
瞮	DeT
撤	De8
彻	DeV
徹	DeV
也	DE
迟	DEz
尺	DEH
呎	DEo
彳	DEV
伬	DEV
出	DA
幮	DAp
亍	DAj
厨	DAH
橱	DAc
才	DY
萨	DYy
产	DYH
铲	DYN
浐	DYE
曹	DL
巢	DLH
剿	DLl
勦	DLlH
樔	DLc
缫	DLa
漅	DLE
摷	DL8
寿	D6
稠	D6h
椆	D6c
裯	D6u
绸	D6a
婤	D6A
惆	D6Y
参	D2
阐	D2m
囅	D2z
单	D2H
蝉	D2k
禅	D2u
啴	D2o
婵	D2A
昌	DT
尝	DTH
嚐	DTo
偿	DTV
成	D8
层	D8p
嶒	D8w
蹭	D8D
曾	D8H
驓	D8g
橧	D8c
竲	D8f
噌	D8o
从	D3
茺	D3y
充	D3H
铳	D3N
统	D3a
珫	D33
垂	DV
蓑	DVy
衰	DVH
榱	DVc
縗	DVa
砵	sb8
碑	sbV
碥	sbi2
磻	sp2
磅	spT
硼	sp3
砰	spi8
码	sma
磞	swp3
硪	swo
韪	swiV
礁	sjuL
矶	sjE
斫	sj3
砚	sjV
硚	squL
硂	squ2
砌	sqe
碁	sqE
碶	sqV
碹	sxu2
硝	sxL
砖	szu2
碎	szuV
砟	sza
碛	sze
巶	szL
砧	sz2
碴	sDua
砗	sDue
磪	sDuV
磋	sDo
础	sDA
碜	sD2
硾	sDV
礵	ssuT
磉	ssT
砷	ss8
礃	sruT
矷	sHL
砦	sHV
碌	slA
硓	slL
砻	sl3
礌	slV
碲	sdE
磴	sd8
砥	sdiT
矴	sdi8
硌	sgie
矸	sgi2
研	skY
砊	skT
硿	sk3
磡	ski2
礤	shuY
砼	s4u3
砹	s4Y
硒	s5a
矽	s5ia
砺	svY
礅	sF8
碘	sFi2
硅	sBV
肆	sciY
矿	sciT
砏	sf8
砜	sf3
散	sua
刷	suaH
唰	suao
朔	suo
锁	suoN
唢	suoo
琐	suo3
色	sue
啬	sueH
穑	sueh
廧	sue5
涩	sueE
懎	sueY
率	suY
崽	suYw
毸	suYj
思	suYH
甩	suYl
鳃	suYB
腮	suYe
愢	suYY
揌	suY8
諰	suYi
勺	suL
艄	suLq
鞘	suLx
蛸	suLk
稍	suLh
梢	suLc
哨	suLo
潲	suLE
娋	suLA
筲	suL2
睄	suLT
捎	suL8
守	su6
薮	su6y
数	su6H
擞	su68
算	su2
闩	su2m
栓	su2c
絟	su2a
拴	su28
霜	suT
塲	suTd
殇	suTt
觞	suT7
橓	suTc
汤	suTE
慯	suTY
饬	suTL
伤	suTV
倠	suTV
孙	su8
蕣	su8y
舛	su8H
舜	su8f
瞬	su8T
僢	su8V
生	su3
晟	su3b
盛	su34
兑	suV
虽	suVk
脽	suVe
濉	suVE
睢	suVT
谁	suVi
杀	sa
莎	say
砂	sas
少	saH
痧	sat
粆	sah
鲨	saB
纱	saa
唦	sao
沙	saE
挲	saEj
猀	saEv
桬	saEc
裟	saEu
乷	saEE
挱	saE8
所	so
羧	sog
酸	so4
梭	soc
唆	soo
睃	soT
佘	se
滠	seE
慑	seY
摄	se8
是	sE
跖	sED
石	sEH
乭	sEE
拓	sE8
佦	sEV
术	sA
芧	sAy
舒	sA4
序	sA5
帅	sY
赛	sYx
塞	sYd
噻	sYo
寒	sYE
簺	sY2
僿	sYV
帚	sL
苕	sLy
召	sLH
劭	sLl
韶	sL4
柖	sLc
绍	sLa
玿	sL3
佋	sLV
邵	sL1
叟	s6
受	s6H
绶	s6a
涭	s6E
授	s68
山	s2
跚	s2D
岩	s2s
册	s2H
删	s2l
栅	s2c
姗	s2A
珊	s23
桑	sT
赏	sTx
尚	sTH
埫	sTd
裳	sTu
绱	sTa
申	s8
覾	s8r
审	s8H
渖	s8E
婶	s8A
束	s3
崧	s3w
菘	s3y
颂	s3r
松	s3c
淞	s3E
凇	s3Ec
忪	s3Y
倯	s3V
讼	s3i
遂	sV
髓	sVj
随	sVz
墮	sVd
椭	sVc
隋	sV1
隨	sV1z
虱	s1
逝	siz
誓	sii
敉	rmE
啟	rquq
颊	rqa
欺	rqE
救	rq6
教	rxuL
歔	rxA
顕	rxY
願	ryu2
斋	rnuY
颞	rne
政	rz8
歠	rDuo
软	rDue
颡	rsT
颌	rHhie
致	rHY
欸	rNY
欹	rNi6
领	rli8
纇	rliV
顶	rdi8
颓	rti6
颋	rti8
歌	rge
故	rgA
攻	rg3
改	rgiY
攼	rgi2
歁	rki2
欱	rhie
颔	rhi2
颚	r4o
颅	rva
敺	rFi6
敟	rFi2
親	rFi8
欤	r7a
颜	r7iV
敾	rci2
放	rfT
斐	rfV
辱	rua
臿	ruaH
锸	ruaN
插	rua8
偛	ruaV
弱	ruo
竹	ruoH
竺	ruo2
身	rue
舍	rueH
啥	rueo
倽	rueV
野	ruY
荛	ruYy
摘	ruY8
谪	ruYi
早	ruL
烧	ruLx
蕘	ruLy
穘	ruLh
桡	ruLc
橈	ruLcH
襓	ruLu
绕	ruLa
娆	ruLA
嬈	ruLA
饶	ruLL
隢	ruL1
周	ru6
昼	ru6p
轴	ru6q
宙	ru6f
胄	ru6e
然	ru2
顽	ru2r
朊	ru2e
玩	ru23
阮	ru2V
手	ruT
贜	ruTxy
藏	ruTy
贓	ruTyx
蔵	ruTyH
臧	ruTH
臟	ruTe
壬	ru8
芿	ru8y
辸	ru8z
礽	ru8u
扔	ru88
仍	ru8V
荣	ru3
毧	ru3j
贼	ru3x
戎	ru3H
蠈	ru3k
鱡	ru3B
绒	ru3a
闰	ruV
嘴	ruVT
茶	ra
稷	rah
傻	raV
谡	rai
左	ro
若	roH
惹	roF
鰙	roB
楉	roc
渃	roE
婼	roA
箬	ro2
偌	roV
鄀	ro1
耳	re
热	rex
日	rE
稚	rEh
雉	rE7
如	rA
曘	rAb
嶿	rAw
燸	rAx
薷	rAy
孺	rAz
入	rAH
蠕	rAk
襦	rAu
濡	rAE
嬬	rAA
擩	rA8
儒	rAV
齿	rY
碊	rYs
盏	rY4
栈	rYc
琖	rY3
号	rL
豳	rLw
燹	rLx
逐	rLz
豕	rLH
豚	rLe
柔	r6
骤	r6g
聚	r6v
緅	r6a
娵	r6A
箃	r62
掫	r68
陬	r61
鄹	r61v
诹	r6i
冉	r2
廛	r2H
壥	r2d
缠	r2a
瀍	r2E
上	rT
鬤	rTj
爙	rTx
蘘	rTy
躟	rTD
勷	rTl
壤	rTd
穰	rTh
獽	rTv
禳	rTu
嚷	rTo
瀼	rTE
懹	rTY
瓤	rT2
攘	rT8
儴	rTV
譲	rTi
刃	r8
芢	r8y
人	r8H
秂	r8h
魜	r8B
朲	r8c
仁	r82
认	r8i
容	r3
冗	r3H
壳	r3d
坈	r3d
宂	r3f
沉	r3E
内	rV
啻	rVH
兵	Hbi8
門	Hm8
竞	Hj8
小	HxL
嚢	HnT
囱	HDu3
蛋	Hd2k
忝	Hti2
巛	HgiV
戯	HkE
侯	Hhi6
麥	H4uY
支	Hua
挚	Huaj
贽	Huax
鸷	Huan
执	HuaH
势	Hual
垫	Huad
亵	Huau
十	Huo
嗤	Huoo
媸	HuoA
尸	Hue
棘	Huez
敕	Huer
朿	HueH
刺	Huel
枣	HueE
憡	HueY
策	Hue2
箣	Hue2l
拺	Hue8
僰	HueV
兹	HuY
崰	HuYw
辎	HuYq
甾	HuYH
椔	HuYc
缁	HuYa
淄	HuYE
旨	HuL
龇	HuLj
髭	HuLjH
赀	HuLx
茈	HuLy
紫	HuLu
呲	HuLo
呰	HuLo
眦	HuLT
訾	HuLi
止	Hu6
志	Hu6H
痣	Hu6t
梽	Hu6c
娡	Hu6A
俧	Hu6V
誌	Hu6i
詹	Hu2
辗	Hu2q
蹍	Hu2D
展	Hu2H
榐	Hu2c
夃	Hu22
搌	Hu28
寺	HuT
祟	HuTw
示	HuTH
呩	HuTo
视	HuTT
真	Hu8
蓁	Hu8h
臻	Hu84
榛	Hu8c
搸	Hu88
瑧	Hu83
婴	Hu3
盈	Hu3H
戤	Hu3l
楹	Hu3c
溋	Hu3E
次	HuV4
辝	HuV4
梓	HuVc
榟	HuVcf
宰	HuVf
滓	HuVE
辞	HuVL
知	Ha
峙	Haw
痔	Hat
庤	Ha5
持	Ha8
司	Ho
莳	Hoy
时	HoH
溡	HoE
四	He
瘈	Het
瘛	HeF
吃	Heo
喫	Heo
质	HE
失	HEH
秩	HEh
猪	HAH
橥	HAc
潴	HAE
瀦	HAE
秭	HYh
姊	HYA
子	HL
资	HLx
恣	HLF
咨	HLo
姿	HLA
笫	HL2
谘	HLi
直	H6
帋	H6p
氏	H6H
坁	H6d
祗	H6u
纸	H6a
舐	H6L
扺	H68
斩	H2
昝	H2H
糌	H2h
咱	H2o
喒	H2o
揝	H28
偺	H2V
式	HT
闹	HTm
䴓	HTn
市	HTH
铈	HTN
柿	HTc
饰	HTL
争	H8
屒	H8p
帪	H8p
赈	H8x
桭	H8c
震	H86
振	H88
侲	H8V
应	H3
赠	H3x
熷	H3xH
磳	H3s
曾	H3H
增	H3d
罾	H34
甑	H37
矰	H37H
橧	H3c
缯	H3a
囎	H3o
憎	H3Y
璔	H33
譄	H3i
此	HV
茲	HVy
磁	HVs
礠	HVsF
兹	HVH
螆	HVk
糍	HVh
慈	HVF
甆	HV7
濨	HVEF
嬨	HVA
卾	H14T
钚	NbA
铋	Nb6
钵	Nb8
钸	Nb3
镔	Nbi8
镨	NpA
䥽	Npio
钋	NpiA
鎃	NpiY
锦	Nme
镘	Nm2
钔	Nm8
锚	NmiL
铆	NmiT
镅	NmiV
钨	NwA
镓	Njua
鎵	Njua
键	NjuY
锩	Nju2
锯	NjA
铰	NjL
锏	Nj2
锵	NjT
镜	Nj8
铨	Nqu2
铗	Nqa
钎	Nq2
镪	NqT
锲	NqV
锈	Nxu6
镟	NxuV
销	NxL
铣	Nx2
錺	NyfT
钥	Nyue
铀	Nyu6
䥺	Nya
铱	NyE
铟	Ny8
锶	Nnua
鐁	NnuT
镊	Nne
铌	NnE
钕	NnA
釹	NnA
鐏	Nzu8
锺	Nzu3
錊	NzuV
铢	NzA
钻	Nz2
钲	Nz8
钟	Nz3
镲	NDa
鎈	NDo
铡	NDe
鏪	NDL
錩	NDT
铖	ND8
锤	NDV
鏾	Nsua
鎙	Nsuo
铯	Nsue
钓	NsuL
鉎	Nsu3
铩	Nsa
铒	Nre
鈤	NrE
铷	NrA
鍒	Nr6
镕	Nr3
针	NHuo
镇	NHu8
釨	NHL
鏩	NH2
铮	NH8
锜	NNi6
铵	NNi2
锣	Nlo
锂	NlE
録	NlA
铼	NlY
铑	NlL
镂	Nl6
鎯	NlT
镭	NlV
钌	NliL
镏	Nli6
链	Nli2
铃	Nli8
镀	NdA
钊	NdL
钭	Nd6
铛	NdT
镫	Nd8
鋀	Ndi6
钉	Ndi8
锑	NtE
钍	NtA
镗	NtT
铜	Nt3
钿	Ntie
钛	NtiY
铤	Nti8
锢	Nga
錮	Nga
鎶	Nge
鎹	NgE
钴	NgA
镐	NgL
钩	Ng6
钳	Ng2
钢	NgT
铬	Ngie
锆	NgiL
钏	NgiV
铿	Nko
锎	NkY
铐	NkL
釦	Nk6
鏒	Nk2
钪	NkT
錹	Nk8
钶	Nkie
镯	NkiA
鏮	NkiT
钬	Nho
銗	Nh6
鍭	Nhi6
锕	N4a
锷	N4o
鍢	N4iT
镱	N5L
鍕	N58
鈊	N53
钜	N5V
镌	N5ie
镒	N5iY
锡	N5iT
锌	N5i3
鏴	Nvo
鏖	Nvio
镰	Nvi2
钿	NFe
钰	NFY
锻	NF2
铞	NFiL
锗	N7e
铽	N7e
镡	N72
锄	NBiL
銙	Nca
鑧	Nc2
锟	Nc8
镞	Ncia
䥇	Ncie
䦂	Ncie
䦅	Nci2
铧	Nfa
钫	NfT
錵	Nfia
鍠	NfiT
及	Na
帺	Nap
其	NaH
基	Nad
箕	Na2
吉	No
祭	NoH
际	No1
角	Ne
唶	Neo
借	NeV
疑	NE
迹	NEz
积	NEh
廭	NE5
绩	NEa
句	NA
鞠	NAq
巈	NAx
菊	NAy
匊	NAH
麴	NAh
婅	NAA
掬	NA8
矣	NY
藉	NYy
椈	NYc
籍	NY2
齐	NL
蹙	NLD
顣	NLr
戚	NLH
墄	NLd
槭	NLc
嘁	NLo
慽	NLY
傶	NLV
气	N6
岓	N6w
蕲	N6y
颀	N6r
圻	N6d
祈	N6u
沂	N6E
摵	N68
戒	N2
蓆	N2y
席	N2H
宜	NT
颐	NTr
熙	NTrx
宧	NTf
姬	NTA
井	N8
靓	N8j
菁	N8y
䴖	N8n
精	N8h
靖	N8f
腈	N8e
婧	N8A
箐	N82
睛	N8T
儬	N8V
尽	N3
今	N3H
矜	N37
衿	N3u
妗	N3A
一	NV
熠	NVx
翊	NVn
羿	NVt
翌	NVf
冀	N1
矢	N1H
疾	N1t
嫉	N1A
己	Nia
屐	Niap
岐	Niaw
歧	NiaD
妓	NiaA
技	Nia8
伎	NiaV
季	Nio
辑	Nioq
咠	NioH
戢	Niol
楫	Nioc
缉	Nioa
揖	Nio8
偮	NioV
爵	Nie
匷	Niem
䦆	NieN
彏	Niel
戄	NieY
攫	Nie8
渠	NiA
岨	NiAw
苴	NiAy
雎	NiAn
且	NiAH
疽	NiAt
狙	NiAv
沮	NiAE
怚	NiAY
即	NiY
奇	NiYH
剞	NiYl
骑	NiYg
畸	NiY4
寄	NiYf
咀	NiYo
妻	NiL
邑	NiLH
耆	NiLH
鳍	NiLB
嗜	NiLo
奇	Ni6
七	Ni6H
柒	Ni6E
安	Ni2
暗	Ni2b
黯	Ni2b
闇	Ni2m
罯	Ni24
腤	Ni2e
揞	Ni28
偣	Ni2V
谙	Ni2i
以	NiT
贻	NiTx
冶	NiTE
怡	NiTY
饴	NiTL
佁	NiTV
诒	NiTi
景	Ni8q
静	Ni8q
浄	Ni8E
瀞	Ni8Eq
婙	Ni8A
京	Ni3
堇	Ni3H
勤	Ni3l
墐	Ni3d
厪	Ni35
槿	Ni3c
嫤	Ni3A
觐	Ni3T
瑾	Ni33
僅	Ni3V
谨	Ni3i
医	NiV
翼	NiVn
异	NiVH
異	NiVH
勃	lbo
弼	lbAl
刨	lbL
佨	lbLH
帮	lbT
劈	lpa
戕	lpie
剽	lpiL
勡	lpiLH
粥	lmEl
勉	lmi2
乮	lmiT
刡	lmi8
刎	lw8
勜	lw3
剜	lwi2
勼	lju6
劵	lju2
勌	lju2
剪	ljuV
乫	lja
剧	ljA
劤	lj3
勥	lqT
穹	lq3
夐	lxua
勨	lxuT
削	lxL
戥	lx8
匈	lx3
刖	lyue
勇	lyu3
剡	lyuV
耐	lnuY
乩	lz2
张	lzT
创	lDuT
弛	lDE
篡	lsu2
刹	lsa
事	lsi
剚	lsi
弭	lre
刵	lre
勈	lHyu3
戨	lHge
勀	lHke
刧	lHFiV
劕	lHE
筋	lNe
宆	llq3
刦	llFiV
剥	llA
剝	llA
勑	llY
嬲	ll2
劽	llie
剫	ldA
乧	ld6
戳	ld1
剁	ldio
刟	ldiL
弤	ldiT
剃	ltE
勭	lti3
彁	lge
刚	lgT
功	lg3
划	lgV
勂	lgiL
剋	lke
弎	lk2
班	lkio
勘	lki2
毓	lhu2
畚	lhu8
剨	lh1
割	lhiY
幻	l4uL
刜	l4iL
励	lvY
勴	lvia
劆	lvi2
甸	lFe
劫	lFiV
乻	l7iL
别	lBiY
捌	lBiY8
刳	lca
劻	lcT
剩	lc3
戣	lciV
剕	lfV
勫	lfi2
佳	la
菈	lay
砬	las
垃	lad
柆	lac
啦	lao
拉	la8
罗	lo
峈	low
烙	lox
雒	lon
硌	los
骆	log
络	loa
咯	loo
洛	loE
落	loEy
洜	lo6
珞	lo3
詻	loi
乐	le
艻	ley
劣	let
牞	leg
叻	leo
肋	lee
氻	leE
泐	leE1
饹	leL
玏	le3
仂	leV
阞	le1
里	lE
厘	lE5
嫠	lEA
剺	lEL
孷	lEV
录	lA
卤	lAH
塷	lAd
卣	lAo
来	lY
吏	lYH
使	lYV
老	lL
崂	lLw
劳	lLH
痨	lLt
憥	lLF
橯	lLc
唠	lLo
朥	lLe
涝	lLE
憦	lLY
捞	lL8
僗	lLV
娄	l6
屚	l6p
漏	l6E
陋	l61
兰	l2
蘭	l2y
斓	l2r
阑	l2H
镧	l2N
囒	l2o
澜	l2E
灡	l2Ey
孄	l2A
籣	l22
谰	l2i
郎	lT
阆	lTm
崀	lTw
烺	lTx
莨	lTy
硠	lTs
斏	lTr
欴	lTrH
锒	lTN
勆	lTl
埌	lTd
稂	lTh
狼	lTv
桹	lTc
哴	lTo
朖	lTe
浪	lTE
蒗	lTEy
琅	lT3
俍	lTV
禀	l8
圐	l8m
塄	l8d
愣	l8Y
龙	l3
弄	l3H
梇	l3c
哢	l3o
雷	lV
类	lVH
旅	l1
乱	l1l
李	li
霖	liB6
系	lia
邋	liaz
勏	lial
蜡	liak
蠟	liak
腊	liae
臘	liae
擸	lia8
儠	liaV
吝	lio
镙	lioN
骡	liog
螺	liok
裸	liou
漯	lioE
摞	lio8
捰	lio8
倮	lioV
列	lie
鬣	liej
巤	lieH
殓	liet
猎	liev
儠	lieV
虑	liA
赂	liAx
略	liA4
撂	liA8
赖	liY
夙	liYn
歹	liYH
勓	liYl
死	liYt
了	liL
暸	liLb
屪	liLp
嶛	liLw
嶚	liLwH
燎	liLx
尞	liLH
镣	liLN
獠	liLv
寮	liLf
缭	liLa
嘹	liLo
潦	liLE
嫽	liLA
憭	liLY
瞭	liLT
撩	liL8
僚	liLV
隙	liL1
留	li6
巯	li6j
硫	li6s
六	li6H
锍	li6N
鋶	li6N
旈	li6f
流	li6E
蓅	li6Ey
鎏	li6EN
瑬	li6E3
琉	li63
旒	li6Vf
连	li2
匳	li2m
蔹	li2y
敛	li2r
脸	li2e
潋	li2Er
良	liT
晾	liTb
椋	liTc
凉	liTE
涼	liTEH
掠	liT8
倞	liTV
谅	liTi
令	li8
晽	li8b
焚	li8x
菻	li8y
林	li8H
埜	li8d
森	li8c
啉	li8o
淋	li8E
琳	li83
郴	li81
隆	li3
菌	li3y
磊	liV
畾	liV
耒	liVH
洡	liVE
诔	liVi
垹	dbT
埠	dbiA
逋	dbiA
壁	dbi6
坢	dbiT
垪	dbi3
坯	dpE
壶	dp6
坪	dpi8
塻	dmo
坶	dmA
墁	dm2
奅	dmiT
堳	dmiV
坞	dwA
墲	dw6
塕	dw3
埦	dwi2
境	dj8
坹	dxuY
墟	dxA
垭	dyua
塬	dyu2
垟	dyuT
埇	dyu3
圩	dyA
盐	dyV
埝	dnu2
坭	dnE
埑	dzue
垞	dzuY
垗	dzuL
塼	dzu2
墫	dzu8
塦	dDue
埰	dDuY
堾	dDu8
墔	dDuV
城	dD8
塑	dsuo
圸	ds2
坤	ds8
堥	drmiY
墅	druY
址	dHu6
垐	dHuV
埴	dH6
圾	dNa
埃	dNY
坓	dN8
埼	dNi6
垵	dNi2
塿	dl6
垄	dl3
垅	dl3
塯	dli6
垒	dliV
壘	dliV
地	dde
垈	ddY
垱	ddT
墱	dd8
埬	dd3
垯	ddia
墆	ddiY
坻	ddiT
坍	dte
圡	dtA
坮	dtY
坣	dtT
垌	dt3
垍	dt1
堍	dtiA
冭	dtiY
塘	dtiT
堌	dga
坩	dg2
堈	dgT
坸	dgi6
埂	dgi8
圳	dgiV
埪	dk3
埗	dkia
坷	dkie
堪	dki2
墈	dki2l
垡	dha
壕	dhL
垕	dh6
垾	dh2
垳	dhT
垀	dhiL
堠	dhi6
堮	d4o
墺	d4L
垘	d46
埸	d5iT
垆	dva
塱	dvT
埨	dv8
尘	dvio
塛	dviL
塅	dF2
墩	dF8
墪	dF8
坠	dFV
壂	dFie
坳	d76
墰	d72
坉	d78
堉	d7iT
坬	dBa
鞋	dBed
垙	dBT
埕	dB8
垮	dca
塖	dc3
塾	dciL
塐	dci6
圹	dciT
坊	dfT
埅	dfT1
坋	df8
墦	dfi2
埲	dfi3
大	da
剳	dal
瘩	dat
褡	dau
嗒	dao
答	da2
撘	da28
搭	da8
多	do
柮	doc
咄	doo
的	de
峌	dew
耋	dej
垤	ded
咥	deo
恎	deY
帝	dE
崼	dEw
堤	dEd
提	dE8
度	dA
黩	dAb
牍	dAp
匵	dAm
赎	dAx
鑟	dAN
犊	dAg
椟	dAc
窦	dAf
续	dAa
渎	dAE
嬻	dAA
读	dAi
代	dY
迨	dYz
殆	dYt
怠	dYF
绐	dYa
刀	dL
艏	dLq
道	dLz
首	dLH
馗	dLh
檤	dLc
导	dLf
導	dLf
噵	dLo
斗	d6
蔸	d6y
兜	d6H
橷	d6c
篼	d62
旦	d2
单	d2H
弹	d2l
殚	d2t
惮	d2Y
箪	d22
掸	d28
撣	d28
郸	d21
当	dT
党	dTH
傥	dTV
谠	dTi
登	d8
鼎	d8H
濎	d8E
东	d3
峒	d3w
峝	d3w2
鸫	d3n
硐	d3s
戙	d3l
垌	d3d
胴	d3e
洞	d3E
姛	d3A
恫	d3Y
挏	d38
侗	d3V
弟	dV
薱	dVy
对	dVH
対	dVd
怼	dVF
树	dVc
澍	dVE
翟	d1
狄	dis
炟	diax
呾	diao
妲	diaA
怛	diaY
笪	dia2
朵	dio
剟	diol
掇	dio8
爹	die
牒	diep
幉	diepH
叶	diey
蹀	dieD
碟	dies
堞	died
蝶	diek
鲽	dieB
楪	diec
喋	dieo
惵	dieY
揲	die8
谍	diei
毋	diA
芏	diAy
杜	diAc
荰	diAcy
肚	diAe
带	diY
曃	diYb
逮	diYz
隶	diYH
埭	diYd
棣	diYc
叇	diY6
刁	diL
鵰	diLn
碉	diLs
蜩	diLk
雕	diL4
鲷	diLB
椆	diLc
奝	diLf
彫	diLa
琱	diLa
调	diLo
凋	diLE
簓	diL2
豆	di6
丢	di6H
铥	di6N
厾	di6l
颠	di2
昳	di2b
迭	di2z
跌	di2D
柣	di2c
泆	di2E
怢	di2Y
瓞	di22
氐	diT
菪	diTy
趤	diTD
宕	diTH
丁	di8
萣	di8y
碇	di8s
定	di8H
鼑	di8l
椗	di8c
绽	di8a
锭	di8a
啶	di8o
腚	di8e
聢	di8T
掟	di88
諚	di8i
冬	di3
董	di3y
嬞	di3A
懂	di3Y
店	diV
点	diVb
扂	diVp
點	diVx
跕	diVD
坫	diVd
痁	diVt
敁	diV7
奌	diVf
嚸	diVo
玷	diV3
疤	tba
毙	tbE
瘢	tb2
魃	tbia
殡	tbi8
癖	tpa
痞	tpia
痿	twV
痂	tja
疖	tjo
疥	tje
魀	tje
疚	tj6
痊	tqu2
殏	tq6
奡	txua
癣	txuo
廯	txuo
痚	txuL
殉	txu8
魈	txL
痒	tyuT
魂	tyu8
疨	tya
疣	ty6
殃	tyT
痈	ty3
瘾	tnuo
癑	tn3
痄	tza
痮	tzT
症	tz8
疮	tDuT
瘥	tDo
匙	tsE
瘦	ts6
疝	ts2
瘿	tHu3
痴	tHa
殖	tH6
弑	tHT
疵	tHV
瘘	tl6
癝	tl8
癗	tlV
癞	tliY
疗	tliL
瘤	tli6
疸	td2
痘	tdi6
癫	tdi2
疔	tdi8
疼	tdi3
瘫	tt2
痜	tti6
痼	tga
疳	tg2
痀	tgi6
癍	tkio
疴	tkie
亳	thLo
疺	thia
瘊	thi6
殛	t4uE
瘠	t4T
疫	t5T
弈	t5iL
痢	tvV
魉	tviT
魑	tviV
癜	tFie
癒	t7o
瘀	t7iL
瘯	tcia
痪	tfY
弅	tf8
疯	tf3
痱	tfV
殙	tfi8
毾	taj
遢	taz
蹋	taD
塌	tad
沓	tad
鳎	taB
榻	tac
溻	taE
傝	taV
斥	to
迤	toz
施	tof
拖	to8
揓	to8f
丹	te
昙	teb
坛	ted
弟	tE
踢	tED
剔	tEl
惖	tEF
土	tA
峹	tAw
嵞	tAww
荼	tAy
途	tAz
凸	tAH
唋	tAo
涂	tAE
塗	tAEd
台	tY
泰	tYH
傣	tYV
舀	tL
萄	tLy
匋	tLH
綯	tLa
啕	tLo
淘	tLE
掏	tL8
陶	tL1
头	t6
骰	t6j
股	t6e
投	t68
难	t2
毯	t2j
锬	t2N
埮	t2d
痰	t2t
倓	t2V
郯	t21
谈	t2i
堂	tT
趟	tTD
躺	tTDH
劏	tTl
淌	tTE
惝	tTY
倘	tTV
亭	t8
幐	t8p
藤	t8y
腾	t8g
驣	t8gg
螣	t8k
䲢	t8B
縢	t8u
謄	t8e
漛	t8E
滕	t86
籐	t862
儯	t8V
誊	t8i
同	t3
通	t3z
痛	t3t
桶	t3c
嗵	t3o
捅	t38
苑	tVy
鸳	tVn
夗	tVH
怨	tVF
宛	tVf
自	t1
厶	tis
私	tish
替	tia
铊	tiaN
牠	tiag
它	tiaf
祂	tiau
咜	tiao
她	tiaA
他	tiaV
妥	tio
岮	tiow
鸵	tion
跎	tioD
砣	tios
铊	tioN
坨	tiod
驼	tiog
鮀	tioB
柁	tioc
沱	tioE
拕	tio8
佗	tioV
陀	tio1
田	tie
贴	tiep
萜	tiepy
帖	tiepH
跕	tieD
呫	tieo
怗	tieY
兔	tiA
葖	tiAy
突	tiAH
堗	tiAd
湥	tiAE
太	tiY
燏	tiYx
鹬	tiYn
噊	tiYo
条	tiL
晀	tiLb
跳	tiLD
庣	tiL5
窕	tiLf
宨	tiLfH
祧	tiLu
絩	tiLa
恌	tiLY
眺	tiLT
朓	tiLT
聎	tiLT
挑	tiL8
佻	tiLV
秃	ti6
题	ti6r
醍	ti64
褆	ti6u
缇	ti6a
媞	ti6A
提	ti68
瑅	ti63
偍	ti6V
徥	ti6VV
天	ti2
铦	ti2N
甜	ti24
甛	ti24H
栝	ti2c
湉	ti2EY
恬	ti2Y
餂	ti2L
唐	tiT
烫	tiTx
荡	tiTy
汤	tiTH
啺	tiTo
饧	tiTL
摥	tiT8
偒	tiTV
廷	ti8
町	ti84
厅	ti85
廰	ti85
綎	ti8a
听	ti8o
汀	ti8E
聴	ti8T
童	ti3
夤	ti3b
寅	ti3H
演	ti3E
袁	tiV
垸	tiVd
院	tiV1
骠	gpiL
骗	gpi2
犏	gpi2
蓦	gmo
牳	gmA
牦	gmL
犍	gjuY
驾	gja
骐	gqE
犟	gqT
羞	gDu6
骢	gDu3
驰	gDE
骖	gD2
骦	gsuT
牲	gsu3
騲	gruL
驲	grE
驷	gHe
牸	gHL
驹	gNA
骥	gN1
卿	gNiY
骑	gNi6
骝	gli6
羚	gli8
驮	gda
牡	gtiA
牯	ggA
犅	ggT
驻	gka
羫	gk3
骇	ghY
驭	g4i6
牺	g5a
犁	gvV
骊	gviY
犜	gF8
驱	gFi6
羼	gBie
骕	gc6
骟	gcie
骅	gfa
羒	gf8
乖	guY
冠	gu2
固	ga
鼓	gaH
瞽	gaT
国	go
过	goz
過	goz
呙	goH
锅	goN
埚	god
楇	goc
祸	gou
濄	goE
哥	ge
屹	gew
圪	ged
疙	get
犵	gev
乾	ge7
杚	gec
扢	ge8
仡	geV
关	gE
灿	gEx
燦	gEx
薒	gEy
粲	gEH
澯	gEE
餐	gEL
爘	gELx
璨	gE3
儏	gEV
古	gA
毂	gAq
彀	gAl
谷	gAh
穀	gAh
榖	gAc
嗀	gAo
唂	gAoh
濲	gAEc
既	gY
晐	gYb
峐	gYw
赅	gYx
荄	gYy
垓	gYd
畡	gY4
絯	gYa
姟	gYA
陔	gYV
侅	gYV
该	gYi
高	gL
羹	gLx
羙	gLx
羔	gLH
糕	gLh
榚	gLc
溔	gLE
勾	g6
煹	g6x
購	g6x
遘	g6z
冓	g6H
構	g6c
溝	g6E
媾	g6A
篝	g62
簼	g628
搆	g68
傋	g6V
甘	g2
赣	g2H
戆	g2F
灨	g2E
冈	gT
矼	gTs
釭	gTN
疘	gTt
缸	gT7
杠	gTc
肛	gTe
冮	gTE
扛	gT8
艮	g8
赓	g8x
焿	g8xx
菮	g8y
鹒	g8n
庚	g8H
椩	g8c
掶	g88
工	g3
躬	g3D
弓	g3H
宫	g3f
戈	gV
戛	gVH
嘎	gVo
嘠	gVol
葛	g1
磃	g1s
褫	g1u
尜	g1aV
尕	g1a1
篪	g12
傂	g1V
贾	gia
顾	giar
雇	giaH
僱	giaV
果	gio
崞	giow
鞹	giox
郭	gioH
墎	giod
廓	gio5
椁	gioc
霩	gio6
槨	gio1c
各	gie
匌	giem
搿	giej
鸽	gien
合	gieH
蛤	giek
秴	gieh
给	giea
佮	gieV
骨	giA
菰	giAy
觚	giA7
柧	giAc
呱	giAo
泒	giAE
孤	giAV
已	giY
丐	giYH
钙	giYN
鈣	giYN
告	giL
皞	giLb
韟	giLp
鷎	giLn
皋	giLH
獔	giLv
槔	giLc
嗥	giLo
睾	giLe
滜	giLE
句	gi6
茩	gi6y
垢	gi6d
姤	gi6A
诟	gi6i
干	gi2
敢	gi2H
檊	gi2Hc
榦	gi2c
澉	gi2E
巷	giT
罡	giTH
堽	giTd
更	gi8
暅	gi8b
刯	gi8l
垣	gi8d
絙	gi8a
緪	gi8aY
堩	gi8Yd
共	gi3
公	gi3H
蚣	gi3k
川	giV
匦	giVm
轨	giVh
螌	kb2
蝙	kbi2
蟠	kp2
螃	kpT
蚂	kma
蛑	km6
蟒	kmT
闽	km8
蟊	kmiY
蜿	kwi2
蚊	kwi8
蚧	kje
蛟	kjL
蚬	kjV
蜻	kq8
虾	kxa
蟹	kxe
蛹	kyu3
蚜	kya
蜒	kyY
蠰	knT
蜇	kzue
蚱	kza
蛛	kzA
螥	kDuT
蝽	kDu8
蠢	kDu8k
螬	kDL
蟀	ksuY
蜕	ksuV
蝾	kru3
蚺	kr2
蚋	krV
蟾	kHu2
蜘	kHa
蛭	kHY
蟳	kNi8
螂	klT
蛉	kli8
蛥	kdo
蚮	kdY
虭	kdL
蚪	kd6
蠹	kdiA
蝳	kdiA
虰	kdi8
螳	ktT
蜓	kti8
蝈	kgo
蛄	kgA
蛀	kka
蚵	kkie
蠔	khL
蚨	k4ia
蜥	k5io
蚁	k5iY
蛎	kvY
蜊	kvV
蠊	kvi2
螭	kviV
蛐	kFE
蛇	kFio
螓	kFi3
蚴	k76
融	kBe
蛏	kBY
蝌	kce
蝰	kcV
蟮	kci2
蚄	kfT
風	kf3
蜚	kfV
蝴	kfiA
蝗	kfiT
蛔	kfiV
主	ka
卡	kaH
鉲	kaN
垰	kad
裃	kau
咔	kao
胩	kae
佧	kaV
坚	ko
灼	kox
圴	kod
酌	ko4
克	ke
颏	ker
刻	kel
咳	keo
氪	ke6
戏	kE
竖	kEf
泣	kEE
位	kEV
库	kA
骷	kAj
苦	kAy
秙	kAh
狜	kAv
枯	kAc
楛	kAcy
开	kY
嵦	kYw
凯	kYn
铠	kYN
剀	kYl
垲	kYd
塏	kYd
恺	kYY
考	kL
药	kLy
趵	kLD
约	kLH
勹	kLl
豹	kLv
犳	kLvH
口	k6
剾	k6l
彄	k6lH
眍	k6T
抠	k68
三	k2
衎	k2m
轩	k2q
刊	k2l
歼	k2t
奸	k2A
亢	kT
属	kTp
嘱	kTp
龋	kTj
踽	kTD
禹	kTH
楀	kTc
竬	kTf
瞩	kTT
偊	kTV
肯	k8
龈	k8j
硍	k8s
垦	k8d
貇	k8v
懇	k8vF
恳	k8F
裉	k8u
珢	k83
空	k3
芤	k3y
孔	k3H
犼	k3v
吼	k3o
归	kV
规	kVH
柜	kVc
窥	kVf
韭	k1
薤	k1y
殲	k1t
瀣	k1E
谶	k1i
窠	kiuf
歩	kia
蔀	kiay
部	kiaH
廍	kia5
瓿	kia7
婄	kiaA
箁	kia2
篰	kia2
斑	kio
阔	kiom
适	kioz
懖	kioN
秳	kioh
栝	kioc
萿	kioEy
筈	kio2
括	kio8
葀	kio8y
可	kie
髁	kiej
颗	kier
锞	kieN
堁	kied
稞	kieh
敤	kie7
棵	kiec
课	kiei
蜀	kiA
焅	kiAx
酷	kiA4
喾	kiAf
捁	kiA8
俈	kiAV
复	kiY
蒈	kiYy
锴	kiYN
楷	kiYc
揩	kiY8
笔	kiL
劋	kiLl
襙	kiLu
懆	kiLY
操	kiL8
鄵	kiL1
寇	ki6
䌷	ki6a
怞	ki6Y
抽	ki68
甚	ki2
崁	ki2wd
砍	ki2s
坎	ki2d
扻	ki28
康	kiT
襄	kiTH
镶	kiTN
勷	kiTl
骧	kiTg
欀	kiTc
饟	kiTL
瓖	kiT3
儴	kiTV
忀	kiTVV
敬	ki8
昕	ki8b
新	ki8q
炘	ki8x
薪	ki8y
欣	ki8r
焮	ki8rx
忻	ki8Y
巩	ki3
勋	ki3l
埙	ki3d
殒	ki3t
韻	ki34
损	ki38
傊	ki3V
陨	ki31
郧	ki31H
宿	kiV
殊	kiVt
姝	kiVA
粑	hba
粨	hbiY
稨	hbi2
糄	hbi2H
秚	hbiT
秤	hpi8
穆	hmu
秣	hmo
袜	hmio
尪	hwT
豌	hwi2
稼	hjua
尬	hje
稀	hxE
釉	hyu6
秧	hyT
糵	hnue
粫	hnuY
称	hnu8
籹	hnA
秾	hn3
秺	hzuY
粧	hzuT
粘	hz2
种	hz3
拶	hzia
粜	hDA
䅟	hD2
尦	hsuL
税	hsuV
秫	hsA
糅	hr6
秄	hHHL
穅	hHkiT
豉	hHua
屎	hHue
稹	hHu8
籽	hHL
氣	hN6
粩	hlL
粮	hliT
稻	htL
糛	htT
糖	htiT
稒	hga
稿	hgL
粿	hgio
尳	hgiA
靠	hgiL
秆	hgi2
粳	hgi8
糁	hk2
粇	hkT
馥	hkiY
糠	hkiT
豁	hhiY
糇	hhi6
奧	h4L
麸	h4ia
粞	h5a
谿	h5i6
黐	hviV
麯	hFE
粀	hFiT
赭	h7ie
糙	hBL
程	hB8
糩	hcY
穗	hfe
粉	hf8
秎	hf8H
糊	hfiA
囬	hfiV
讨	hua
迊	huaz
砸	huas
匝	huaH
咂	huao
沞	huaE
箍	hua8
计	huo
踔	huoD
绰	huoa
婥	huoA
奢	hue
壑	hued
濬	hueE
叡	hue2
睿	hueT
丌	huE
蔡	huY
鲩	huYB
浣	huYE
睆	huYT
貌	huL
昊	huLH
淏	huLE
乞	hu6
窒	hu6H
潌	hu6E
敏	hu2
陕	hu21
食	huT
赴	huTD
讣	huTi
品	hu8
奋	hu8H
冯	hu3
訇	hu3H
轰	hu32
揈	hu38
毁	huV
芾	huVy
巿	huVH
肺	huVe
伐	ha
拿	haj
铪	haN
镎	haN
蛤	hak
哈	hao
火	ho
彟	hox
获	hoy
镬	hoN
劐	hol
蠖	hok
嚄	hoo
笐	ho2
擭	ho8
曷	he
阂	hem
劾	hel
核	hec
黑	hE
赦	hEr
赤	hEH
赫	hE2
郝	hE1
斛	hA
匫	hAbm
囫	hAm
忽	hAF
匢	hAc
唿	hAo
惚	hAY
笏	hA2
亥	hY
韩	hYp
戟	hY7
斡	hYf
豪	hL
暠	hLb
皜	hLb
蒿	hLy
镐	hLN
嚆	hLoy
滈	hLE
傐	hLV
鄗	hL1
后	h6
丰	h6H
蚌	h6k
沣	h6E
妦	h6A
玤	h63
仹	h6V
旱	h2
崡	h2w
菡	h2y
函	h2H
涵	h2E
行	hT
香	hT
航	hTq
苀	hTy
迒	hTz
蚢	hTk
魧	hTB
杭	hTc
夯	hTf
斻	hTf
吭	hTo
沆	hTE
妔	hTA
邟	hT1
亨	h8
鞎	h8x
痕	h8t
狠	h8v
恨	h8Y
拫	h88
很	h8V
佷	h8VV
詪	h8i
厷	h3
虹	h3k
红	h3a
荭	h3ay
叿	h3o
鸿	h3En
妅	h3A
仜	h3V
讧	h3i
灰	hV
辉	hVb
晖	hVbH
挥	hV8
珲	hV3
砉	h1
蚶	h1k
酣	h14
邯	h11
乏	hia
砝	hias
法	hiaE
珐	hia3
或	hio
曤	hiob
藿	hioy
霍	hioH
嚯	hioo
瀖	hioE
攉	hio8
诃	hioi
合	hie
呵	hieo
嗬	hieoy
河	hieE
菏	hieEy
抲	hie8
何	hieV
荷	hieVy
哬	hieVi
乎	hiA
辅	hiAq
甫	hiAH
乶	hiAl
俌	hiAV
害	hiY
烸	hiYx
塰	hiYd
嗨	hiYo
海	hiYE
侮	hiYV
虎	hiL
皓	hiLb
晧	hiLbH
浩	hiLE
澔	hiLEb
悎	hiLY
聕	hiLT
候	hi6
酹	hi64
嘑	hi6o
滹	hi6E
捋	hi68
含	hi2
屽	hi2w
攼	hi2r
厈	hi25
罕	hi2f
汗	hi2E
浫	hi2Ef
忓	hi2Y
鼾	hi2T
扞	hi28
仠	hi2V
邗	hi21
荒	hiT
兤	hiTb
磺	hiTs
黄	hiTH
墴	hiTd
癀	hiTt
横	hiTc
潢	hiTE
簧	hiT2
撗	hiT8
璜	hiT3
衡	hi8
荤	hi8y
浑	hi8E
睴	hi8T
珲	hi83
诨	hi8i
弘	hi3
烘	hi3x
蕻	hi3sy
垬	hi3d
哄	hi3o
洪	hi3E
会	hiV
晦	hiVb
悔	hiVY
诲	hiVi
罘	4bA
箄	4pY
凿	4p6
颦	4pi3
酶	4mV
皿	4mi8
盟	4mi3
舞	4w6
畹	4wi2
醮	4juL
嘉	4ja
界	4je
酱	4jT
畎	4quV
寡	4q3
酰	4x2
醒	4x8
酗	4x3
醛	4yqu2
酽	4yuY
酝	4yu8
雅	4ya
裔	4yE
盂	4yA
鼐	4nY
醚	4zmE
盅	4zz3
醉	4zuV
罩	4zo
赜	4ze
酬	4z6
舂	4Du8
鹾	4Do
畴	4D6
盛	4D8
畲	4se
整	4rz8
畘	4r2
畬	4Hse
酯	4HuL
盗	4HuV
嗣	4Ho
置	4H6
男	4l
靁	4lV
斣	4d6
町	4di8
酊	4di8z
甼	4di83
酮	4t3
酞	4tiY
奤	4tiY
醣	4tiT
辜	4gA
罟	4gA
够	4gi6
酐	4gi2
罚	4hua
盔	4hV
盒	4hie
蘸	4juL
毅	45T
羁	4Be
罣	4Bia
酥	4co
醌	4c8
蛊	4ci3
畈	4f2
酚	4f8
罪	4fV
龢	4fie
杂	4ua
奓	4uaH
偧	4uaV
陟	4uo
貊	4uov
絔	4uoa
陌	4uo1
倩	4ue
爚	4uex
鸙	4uen
龠	4ueH
禴	4ueu
瀹	4ueE
籥	4ue2
亟	4uE
麦	4uY
燮	4uYH
幺	4uL
飙	4uLb
镳	4uLN
穮	4uLh
膔	4uLe
瀌	4uLE
儦	4uLV
咎	4u6
卮	4u6H
栀	4u6c
衍	4u2
晚	4u2b
娩	4u2A
挽	4u28
须	4uT
奭	4uTs
爽	4uTH
塽	4uTd
媭	4uTA
慡	4uTY
存	4u8
枕	4u8c
沈	4u8E
仝	4u3
碰	4u3s
椪	4u3c
掽	4u38
巳	4uV
炊	4uVx
吹	4uVo
阿	4a
匣	4am
舺	4aq
炠	4ax
狎	4av
柙	4ac
呷	4ao
咢	4o
器	4oquV
垩	4od
恶	4oF
噁	4oo
噩	4o3
僫	4oV
厄	4e
屙	4ep
阿	4eH
婀	4eA
艺	4E
敷	4Er
尃	4Ef
缚	4Ea
傅	4EV
艾	4Y
暧	4Yb
薆	4Yy
癌	4Yt
爱	4YF
愛	4YF
嗳	4Yo
嫒	4YA
懓	4YY
靉	4Y6
瑷	4Y3
僾	4YV
奥	4L
凹	4LH
垇	4Ld
伏	46
鸥	46n
欧	46r
区	46H
殴	467
瓯	467H
呕	46o
沤	46E
怄	46Y
讴	46i
二	42
岸	42w
屽	42w
堓	42d
犴	42v
脊	4T
昂	4Tb
岇	4Tw
盎	4T4
枊	4Tc
肮	4Te
仰	4TV
恩	48
莕	48y
杏	48H
淫	43
隼	43H
榫	43c
汇	4V
件	4Vg
牮	4VV
谧	4imE
夫	4ia
鸭	4ian
庘	4ia5
押	4ia8
府	4io
皒	4iob
峨	4iow
峩	4iow
莪	4ioy
鹅	4ion
锇	4ioN
蛾	4iok
哦	4ioo
涐	4ioE
娥	4ioA
饿	4ioL
珴	4io3
俄	4ioV
誐	4ioi
儿	4ie
囮	4iem
靴	4iex
吪	4ieo
讹	4iei
父	4iA
釜	4iAH
滏	4iAE
哀	4iY
蔼	4iYy
遏	4iYz
霭	4iY6
弗	4iL
嶅	4iLw
摮	4iLj
赘	4iLx
熬	4iLx
遨	4iLz
敖	4iLH
鏊	4iLN
骜	4iLg
螯	4iLk
厫	4iL5
獒	4iLv
鳌	4iLB
廒	4iLf
嗷	4iLo
嗸	4iLo
滶	4iLE
嫯	4iLA
慠	4iLY
璈	4iL3
傲	4iLV
又	4i6
齵	4i6j
藕	4i6y
耦	4i67
腢	4i6e
偶	4i6V
弇	4i2
晻	4i2b
菴	4i2y
鹌	4i2n
埯	4i2d
痷	4i2t
庵	4i25
裺	4i2u
唵	4i2o
俺	4i2V
孚	4iT
幅	4iTp
辐	4iTq
逼	4iTz
副	4iTl
匐	4iTl
蝠	4iTk
富	4iTf
福	4iTu
諨	4iTi
阴	4i8
信	4i8V
付	4i3
硶	4i3s
岑	4i3H
埁	4i3d
涔	4i3E
笒	4i32
服	4iV
報	4iVx
赧	4iVD
报	4iV8
庇	5bE
廦	5bi6
庰	5bi3
废	5pio
麾	5mL
庅	5m1
床	5miA
庿	5miL
庑	5w6
觅	5jV
庼	5qu8
厦	5xua
廈	5xua
廨	5xe
庥	5x6
厢	5xT
厊	5ya
牵	5nu6
厮	5nuT
座	5zuo
厏	5za
厍	5Due
厙	5DueH
庙	5DuL
厕	5De
廋	5s6
庛	5HV
庲	5lY
廊	5lT
廪	5l8
庞	5l3
紧	5lia
廇	5li6
庆	5da
廗	5diY
底	5diT
庝	5di3
庭	5ti8
厩	5gY
廘	5vio
庉	578
廥	5cY
厞	5fV
西	5a
曦	5ab
燨	5ax
羲	5aH
喜	5o
悉	5oH
蟋	5ok
省	5e
葕	5ey
行	5eH
哘	5eo
乙	5E
爻	5Ex
艾	5Ey
乂	5EH
刈	5El
义	5Y
昳	5Yb
轶	5Yq
妷	5YA
佚	5YV
意	5L
尹	5LH
吚	5Lo
洢	5LE
笋	5L2
伊	5LV
咿	5LVo
犀	56
屣	56p
徙	56H
厚	56V
献	52
歇	52r
蠍	52rk
蝎	52k
谒	52i
殳	5T
黟	5Tb
移	5Th
军	58
钧	58N
均	58d
呁	58o
汮	58E
筠	582
心	53
昀	53b
匀	53H
鋆	53N
韵	534
筠	532
抣	538
巨	5V
举	5VH
榉	5Vc
夕	5ia
習	5iab
嶍	5iaw
习	5iaH
析	5io
歙	5ior
翕	5ioH
噏	5ioo
嬆	5ioA
隽	5ie
跩	5ieD
曵	5ieH
栧	5iec
洩	5ieE
拽	5ie8
益	5iY
峄	5iYw
驿	5iYg
绎	5iYa
怿	5iYY
译	5iYi
铎	5iYi
亦	5iL
浥	5iLE
挹	5iL8
奚	5i6
昔	5i6H
惜	5i6Y
桀	5i2
晶	5i2H
易	5iT
猗	5iTv
椅	5iTc
漪	5iTE
倚	5iTV
寻	5i8
曛	5i8b
燻	5i8x
薰	5i8y
熏	5i8H
勳	5i8l
勲	5i8lF
醺	5i84
嚑	5i8o
辛	5i3
舆	5i3q
爂	5i3x
兴	5i3H
璺	5i33
誉	5i3i
具	5iV
遽	5iVz
劇	5iVl
勮	5iVlH
壉	5iVd
懅	5iVY
據	5iV8
璩	5iV3
彘	vbE
猵	vbi2
貘	vmo
麋	vmE
獌	vm2
獴	vm3
狇	vmiA
猫	vmiL
猥	vwL
猬	vwie
虔	vwi8
鼳	vju
麂	vjE
狡	vjL
麒	vqE
猜	vq8
猰	vqV
獬	vxe
豨	vxE
貅	vx6
猩	vx8
鼋	vyuo
鼬	vyu6
犹	vy6
狮	vnuV
狞	vn8
狣	vzuL
猹	vDua
獊	vDuT
猖	vDT
狩	vsu6
狲	vsu8
兽	vsi6
麝	vrue
號	vrL
豿	vHgi6
狰	vH8
猡	vlo
狸	vlE
狫	vlL
獭	vliY
狚	vd2
貂	vdiL
猭	vtV
獞	vti3
猿	vtiV
猓	vgio
貉	vgie
狗	vgi6
豞	vgi6H
龚	vgi3
犺	vkT
墾	vk8d
鼠	vkiA
龛	vhie
猴	vhi6
猂	vhi2
麗	vviY
獤	vF8
豫	v7L
豘	v78
狴	vBE
狯	vcY
猑	vc8
犷	vciT
独	vci3
卢	va
炉	vax
芦	vay
驴	vag
庐	va5
路	vo
鲁	voH
镥	voN
粱	voh
橹	voc
噜	voo
撸	vo8
勒	ve
炼	vex
錬	veN
练	vea
拣	ve8
力	vE
戾	vEH
唳	vEo
泪	vEE
淚	vEEH
厉	vY
砾	vYs
乐	vYH
栎	vYc
瓅	vY3
黎	vL
嵺	vLw
髎	vLj
蓼	vLy
戮	vLl
廖	vL5
樛	vLc
寥	vLf
繆	vLa
憀	vLY
僇	vLV
刘	v6
婪	v6H
览	v2
峦	v2w
巒	v2wH
挛	v2j
鸾	v2n
銮	v2N
蛮	v2k
恋	v2F
栾	v2c
滦	v2E
娈	v2A
变	v22
孪	v2V
朗	vT
墚	vTd
梁	vTc
樑	vTcc
仑	v8
嶙	v8w
粼	v8x
遴	v8z
磷	v8s
粦	v8H
亃	v8l
麟	v8v
鳞	v8B
膦	v8e
燐	v8Y
璘	v83
隣	v81
允	v3
躏	v3D
蔺	v3H
利	vV
蠡	vVH
攭	vV8
虏	via
屡	viap
褛	viau
缕	viaa
偻	viaV
鹿	vio
闾	viom
焒	viox
吕	vioH
铝	vioN
梠	vioc
榈	viocm
捛	vio8
侣	vioV
击	vie
履	viep
嵂	view
律	vieH
丽	viY
飒	viYb
莅	viYy
立	viYH
粒	viYh
笠	viY2
栗	viL
皂	viLH
梍	viLc
唣	viLo
历	vi6
卵	vi6z
柳	vi6c
聊	vi6T
廉	vi2
蓝	vi2y
褴	vi2u
滥	vi2E
灆	vi2Ey
篮	vi22
儖	vi2V
两	viT
亮	viTH
喨	viTo
灵	vi8
崚	vi8w
菱	vi8y
夌	vi8H
鲮	vi8B
棱	vi8c
祾	vi8u
绫	vi8a
凌	vi8E
婈	vi8A
掕	vi88
陵	vi81
永	vi3
韫	vi3p
榅	vi3c
蕴	vi3ay
愠	vi3Y
氲	vi36
离	viV
醴	viV4
礼	viVu
澧	viVE
惫	Fbe
闷	Fm8
愍	Fmi8
忘	FwiT
忑	Fxa
勰	FxY
想	FxT
愿	Fyu2
恿	Fyu3
您	Fnu8
悊	Fzue
怎	Fza
忠	Fz3
愁	FDu6
惷	FDu8
匆	FDu3
怱	FDu3
悤	FDu3H
怂	FD3
愬	Fsuo
怸	FsA
愗	FrmiY
恕	FrA
忐	FrT
忍	Fr8
憙	FHo
恏	FHL
惪	FH6
慙	FH2
應	FH3
懿	FNV
忌	FNia
塨	Fdgi3
悐	Fdis
憩	Ft1
态	FtiY
怘	FgA
恭	Fgi3
叅	Fk2
恐	Fki3
慜	Fhu2
惑	Fhio
愆	F4u2
愈	F7o
忒	F7e
愚	F7ia
悹	FBi2
忿	Ff8
叙	Fa
鮙	Fan
羽	FaH
栩	Fac
祤	Fau
诩	Fai
需	Fo
昫	Fob
煦	Fobx
旭	Foh
竘	Fof
呴	Foo
喣	Foox
朐	Foe
姁	FoA
电	Fe
碍	Fes
锝	FeN
德	FeF
棏	Fec
嘚	Feo
淂	FeE
得	FeV
曲	FE
敌	FEr
啇	FEH
镝	FEN
嘀	FEo
滴	FEE
嫡	FEA
玉	FY
特	FYg
等	FY2
待	FYV
岛	FL
菿	FLy
到	FLH
椡	FLc
捯	FL8
倒	FLV
囚	F6
暏	F6b
帾	F6p
覩	F6j
赌	F6x
堵	F6d
嘟	F6o
睹	F6T
琽	F63
都	F61
段	F2
断	F2j
毈	F2q
继	F2a
簖	F22
取	FT
鋽	FTN
竨	FTf
悼	FTY
掉	FT8
敦	F8
遁	F8z
踲	F8D
碷	F8s
盾	F8H
楯	F8c
腯	F8e
揗	F88
钦	F3
轻	F3q
氢	F36
队	FV
凖	FVx
蓷	FVy
碓	FVs
堆	FVd
准	FVE
推	FV8
许	Fia
艰	Fia2
眼	FiaT
限	Fia1
嶞	Fiow
椭	Fioc
媠	FioA
惰	FioY
墯	FioYd
堕	Fio1
殿	Fie
啖	Fieo
淡	FieE
惔	FieY
氮	Fie6
戴	FiY
帎	FiYp
瓭	FiY7
妉	FiYA
耽	FiYT
抌	FiY8
吊	FiL
帱	FiLp
嶹	FiLw
焘	FiLx
翿	FiLn
壔	FiLd
梼	FiLc
祷	FiLu
涛	FiLE
区	Fi6
走	Fi6H
鯐	Fi6B
唗	Fi6o
陡	Fi6V
徒	Fi6V
典	Fi2
耑	Fi2H
剬	Fi2l
端	Fi2f
媏	Fi2A
瑞	Fi23
偳	Fi2V
丈	FiT
氎	FiTj
叠	FiTH
疊	FiT4
亲	Fi8
囤	Fi8m
炖	Fi8x
砘	Fi8s
顿	Fi8r
钝	Fi8N
坉	Fi8d
庉	Fi85
吨	Fi8o
噸	Fi8or
沌	Fi8E
忳	Fi8Y
盹	Fi8T
伅	Fi8V
秦	Fi3
撀	Fi3j
磬	Fi3s
殸	Fi3H
馨	Fi3h
罄	Fi37
声	Fi3T
謦	Fi3i
却	FiV
迪	FiVz
廸	FiVzH
笛	FiV2
牑	7bi2
耪	7pT
甏	7p8
耗	7mL
瓮	7w3
矮	7wV
耘	7yu8
罇	7zu8
战	7z2
殺	7sa
甂	7Hbi2
罂	7Hu3
瓷	7HuV
耔	7HL
耕	7N8
弌	7NV
榘	7NiA
耧	7l6
甊	7l6
瓴	7li8
罍	7liV
幹	7gi2
叁	7k2
耜	74uV
贰	742
斧	74iA
矩	75V
斜	77io
觥	7BT
触	7ci3
旊	7foV
瓬	7fT
与	7a
阈	7am
域	7ad
彧	7aa
惐	7aY
俞	7o
预	7oH
滪	7oE
弋	7e
晪	7eb
唺	7eo
腆	7ee
淟	7eE
琠	7e3
倎	7eV
疐	7E
蹄	7ED
啼	7Eo
狱	7Y
碳	7Ys
炭	7YH
羰	7Yg
湠	7YE
予	7L
鞉	7Lx
逃	7Lz
桃	7Lc
咷	7Lo
洮	7LE
幼	76
遊	76z
斿	76H
游	76E
覃	72
钽	72N
坦	72d
袒	72u
鱼	7T
萸	7Ty
臾	7TH
庾	7T5
腴	7Te
谀	7Ti
屯	78
茕	78y
迅	78z
卂	78H
汛	78E
讯	78i
音	73
龈	73j
银	73N
垠	73d
退	7V
圄	7Vm
娪	7VA
语	7Vi
禺	7ia
塔	7iad
榙	7iac
嗒	7iao
溚	7iaE
余	7io
虞	7iov
娱	7ioA
俣	7ioV
者	7ie
阗	7iem
填	7ied
寘	7ief
搷	7ie8
瑱	7ie3
言	7iY
迎	7iYz
抑	7iY8
於	7iL
岧	7iLw
岹	7iLwH
苕	7iLy
迢	7iLz
祒	7iLu
笤	7iL2
萔	7iL8
右	7i6
赳	7i6D
收	7i6r
丩	7i6H
朻	7i6c
纠	7i6a
叫	7i6o
员	7i2
罙	7i2H
深	7i2E
探	7i28
琛	7i23
育	7iT
幢	7iTp
撞	7iT8
僮	7iTV
殷	7i8
金	7i8H
吟	7i8o
唫	7i8oH
凎	7i8E
鑫	7i83
动	7i3
甄	7i37
籈	7i32
鄄	7i31
彦	7iV
凼	7iVm
水	7iVH
氹	7iVl
冰	7iVE
鲍	BbL
鲅	Bbia
鳊	Bbi2
鮩	Bbi3
魸	Bpie
鳗	Bm2
鲛	BjL
鳅	Bqu6
鲭	Bq8
鳕	Bxue
鮴	Bx6
鯹	Bx8
鱿	By6
鲶	Bnu2
鳟	Bzu8
鱒	Bzu8
鲊	Bza
䲠	BDu8
鲳	BDT
鲫	BNiY
鲸	BNi3
鱳	Ble
鲤	BlE
鮱	BlL
鲧	Blia
鲢	Bli2
鮗	Bdi3
鲠	Bgi8
鲓	BkL
鱇	BkiT
鮜	Bh6
鯸	Bhi6
鳄	B4o
鲟	B5i8
鲈	Bva
鳓	Bve
鲀	B78
鲑	BBV
鮬	Bca
鲲	Bc8
鳝	Bci2
鲂	BfT
鲱	BfV
瓜	Ba
鸹	Ban
刮	Bal
栝	Bac
聒	BaT
括	Ba8
畜	Bo
曰	BoH
汩	BoE
革	Be
鬲	BeH
镉	BeN
塥	Bed
嗝	Beo
膈	Bee
隔	Be1
辨	BEl
瓣	BEh
辮	BEu
辫	BEa
辩	BEi
圣	BY
朁	BYH
蚕	BYk
蠶	BYk
憯	BYY
僭	BYV
造	BL
超	BLD
欩	BLr
怊	BLY
眧	BLT
足	B6
贱	B6H
溅	B6E
贯	B2
鹳	B2n
覌	B2r
罐	B27
灌	B2E
懽	B2Y
光	BT
氅	BTj
敞	BTr
厂	BT5
厰	BT5
裳	BTu
倘	BTV
僘	BTVr
徜	BTVV
呈	B8
蓘	B8y
磙	B8s
衮	B8H
滚	B8E
纯	B3
鹑	B3n
享	B3H
錞	B3N
醇	B34
淳	B3E
圭	BV
跪	BVD
佹	BVV
诡	BVi
卦	Bia
煱	Biax
剐	Bial
冎	Biaf
緺	Biaa
除	Bio
躇	BioD
楮	Bioc
褚	Biou
储	BioV
孱	Bie
幨	Biep
赡	Biex
蟾	Biek
檐	Biec
澹	BieE
儋	BieV
另	BiY
阄	BiYm
龟	BiYH
助	BiL
雏	BiLn
趋	BiLD
刍	BiLH
楚	Bi6
殂	Bi6t
粗	Bi6h
麆	Bi6v
徂	Bi6V
官	Bi2
鳏	Bi2B
嚃	Bi2o
常	BiT
苌	BiTy
长	BiTH
鋹	BiTN
怅	BiTY
掁	BiT8
伥	BiTV
辰	Bi8
辊	Bi8q
棍	Bi8c
緄	Bi8a
惃	Bi8Y
丞	Bi3
崇	Bi3w
崈	Bi3wH
淙	Bi3E
漴	Bi3EH
婃	Bi3A
悰	Bi3Y
琮	Bi33
孮	Bi3V
徖	Bi3VV
贵	BiV
鬼	BiVH
垝	BiVd
廆	BiV5
槐	BiVc
姽	BiVA
瑰	BiV3
傀	BiVV
杯	cbA
柏	cbY
梆	cbT
柨	cb3
椑	cbV
栢	cbiY
柈	cbiT
槟	cbi8
栟	cbi3
柸	cpE
業	cp6
棚	cp3
朴	cpiA
楄	cpi2
枰	cpi8
榧	cmfV
模	cmo
棉	cme
枆	cmL
桙	cm6
槾	cm2
檬	cm3
梅	cmV
柕	cmiY
橗	cmi3
楣	cmiV
梶	cwe
枉	cwT
楃	cwio
梧	cwi6
楗	cjuY
櫵	cjuL
朹	cju6
桾	cju8
匠	cju3
架	cja
枷	cja
栉	cjo
机	cjE
椐	cjA
校	cjL
柩	cj6
桨	cjT
棨	cqua
楾	cquo
桥	cquL
楸	cqu6
棋	cqE
椄	cqY
楔	cqV
橇	cqiL
樰	cxue
楦	cxu2
橡	cxuT
桠	cyua
枂	cyue
柚	cyu6
样	cyuT
棪	cyuV
杅	cyA
楒	cnua
檼	cnuo
櫱	cnue
栭	cnuY
枭	cnuL
樢	cnuL
梛	cna
櫌	cn6
楠	cn2
欜	cnT
柠	cn8
桖	cnV
枛	czua
桩	czuT
樽	czu8
椊	czuV
柞	cza
桌	czo
棹	czo
樍	cze
枳	czE
株	czA
樶	czV
楂	cDua
椿	cDu8
樬	cDu3
檫	cDa
槎	cDo
材	cDY
槽	cDL
檮	cD6
枞	cD3
棰	cDV
橵	csua
槊	csuo
杓	csuL
槂	csu8
樧	csa
槡	csT
柛	cs8
橪	cru2
橍	cruV
栮	cre
杳	crE
榕	cr3
枘	crV
梹	cHbi8
桉	cHNi2
枝	cHua
樱	cHu3
栨	cHuV
椥	cHa
柌	cHo
柶	cHe
桎	cHY
杍	cHL
植	cH6
柴	cHV
极	cNa
桷	cNe
枸	cNA
械	cN2
案	cNi2
集	cla
椤	clo
椂	clA
梾	clY
楼	cl6
栏	cl2
榔	clT
檩	cl8
楞	cl8
栊	cl3
檑	clV
櫴	cliY
榴	cli6
柃	cli8
櫐	cliV
堏	cdfT
柋	cdY
朷	cdL
枓	cd6
档	cdT
橙	cd8
櫈	cd8n
栋	cd3
櫂	cd1
梪	cdi6
柢	cdiT
柝	cto
梯	ctE
枱	ctY
槄	ctL
樘	ctT
桐	ct3
橼	ctV
樤	ctiL
榶	ctiT
梃	cti8
橦	cti3
棝	cga
橭	cgA
概	cgY
槩	cgYH
槁	cgL
槀	cgLH
构	cg6
柑	cg2
㭎	cgT
根	cg8
格	cgie
枸	cgi6
杆	cgi2
梗	cgi8
栱	cgi3
柱	cka
栲	ckL
匟	ckT
椌	ck3
柯	ckie
椱	ckiY
椹	cki2
槺	ckiT
樎	ckiV
榀	chu8
栰	cha
槲	chA
檺	chL
桁	chT
梒	chi2
桧	chiV
極	c4uE
栫	c4u8
桴	c4iT
棴	c4iV
栖	c5a
樨	c56
杺	c53
栌	cva
榄	cv2
樃	cvT
梨	cvV
櫖	cvia
麓	cvio
枥	cvi6
棂	cvi8
栐	cvi3
椴	cF2
橔	cF8
枢	cFi6
杖	cFiT
榆	c7o
柽	cBY
桄	cBT
桂	cBV
柺	cBiY
棺	cBi2
桭	cBi8
懋	ccmiY
桍	cca
櫯	cco
椒	ccL
橚	cc6
框	ccT
逵	ccV
榡	cci6
桢	cci8
桦	cfa
椷	cf6
枋	cfT
枌	cf8
梤	cf8w
枫	cf3
椛	cfia
槵	cfi6
橎	cfi2
楻	cfiT
棔	cfi8
棒	cfi3
夸	ca
峡	caw
硖	cas
狭	cav
傄	caT
侠	caV
黍	co
磕	cos
榼	coc
嗑	coo
科	ce
髂	cej
额	cer
愙	ceF
客	cef
咯	ceo
恪	ceY
愘	ceYf
揢	ce8
兮	cE
巙	cEw
夔	cEH
会	cY
块	cYd
快	cYY
筷	cY2
叔	cL
蔬	cLy
疏	cL4
梳	cLc
肃	c6
蔌	c6y
遬	c6z
欶	c6H
樕	c6c
嗽	c6o
漱	c6E
嫩	c6A
簌	c62
宽	c2
欵	c2r
窽	c2rf
款	c2H
窾	c2f
匡	cT
逛	cTz
狂	cTH
俇	cTV
诳	cTi
昆	c8
阃	c8m
困	c8H
梱	c8c
綑	c8a
涃	c8E
悃	c8Y
睏	c8T
捆	c88
乘	c3
毺	c3j
输	c3q
俞	c3H
奎	cV
魁	cVf
愧	cVY
傀	cVV
隗	cV1
族	cia
爼	ciax
租	ciah
蒩	ciahy
柤	ciac
祖	ciau
组	ciaa
唨	ciao1
菹	ciaEy
怚	ciaY
珇	cia3
俎	ciaV
阻	cia1
诅	ciai
粟	cio
暑	ciob
曙	ciob4
薯	cioy
署	cio4
濖	cioEb
扇	cie
钐	cieN
杉	ciec
彬	ciecc
衫	cieu
聿	ciY
昪	ciYb
峅	ciYw
弁	ciYH
匥	ciYc
弃	ciYf
孰	ciL
耀	ciLb
曜	ciLbH
燿	ciLx
矅	ciLT
素	ci6
阙	ci6m
逆	ci6z
善	ci2
颤	ci2r
亶	ci2H
檀	ci2c
膻	ci2e
澶	ci2E
嬗	ci2A
擅	ci28
儃	ci2V
广	ciT
熵	ciTx
蔏	ciTy
商	ciTH
墒	ciTd
螪	ciTk
滳	ciTE
贞	ci8
臣	ci8H
卧	ci8l
弫	ci8lH
栕	ci8c
宦	ci8f
绳	ci8a
挋	ci88
渑	ci83E
虫	ci3
蝇	ci3k
癸	ciV
匮	ciVm
櫆	ciVc
䙡	ciVu
溃	ciVE
媿	ciVA
愦	ciVY
馈	ciVL
篑	ciV2
聩	ciVT
尀	fpo
寞	fmo
冞	fmE
旄	fmL
宋	fmiA
窌	fmiT
寤	fwi6
窟	fjuo
究	fju6
窘	fju8
奖	fjT
觉	fjV
窃	fqe
旗	fqE
窍	fqL
宯	fxuL
冩	fxo
宵	fxL
宪	fx2
廂	fxT
茡	fyHL
壸	fyua
肾	fyue
穿	fya
宇	fyA
牢	fnu6
廝	fnuT
旎	fnE
宱	fza
站	fz2
寀	fDuY
窜	fDu2
窗	fDu3
宬	fD8
旌	fsu3
寔	fsE
竦	fs3
邃	fsV
射	frue
掌	fruT
竑	fHh3
夲	fHuo
室	fHY
字	fHL
宑	fN8
壹	fNV
寠	fl6
索	flia
冧	fli8
窿	fli3
堃	fdfT
夺	fda
竳	fd8
毒	fdiA
奃	fdiT
套	ftuL
旃	fte
实	ft6
冤	ftiA
窱	ftiL
窖	fgiL
宔	fka
尅	fke
斟	fki2
宏	fh3
宖	fhi3
穸	f5ia
奕	f5iL
兖	fv3
帘	fvi2
宝	fFY
奠	fFi2
鲎	f7T
窨	f73
寓	f7ia
宸	fBi8
旝	fcY
寂	fcL
寭	ffe
竕	ff8
旙	ffi2
卉	fuV
华	fa
画	faH
劃	fal
婳	faA
互	fo
阖	fom
熆	fox
盖	foy
惠	fe
犯	fev
范	feEy
笵	fe2
肥	fE
熯	fEx
汉	fEE
漢	fEE
叹	fET
傼	fEV
负	fA
帗	fAp
坏	fAd
柭	fAc
祓	fAu
紱	fAa
冹	fAE
奂	fY
蘾	fYy
还	fYz
怀	fYY
蘹	fYYy
环	fY3
舌	fL
烦	fLx
硕	fLs
页	fLH
嚣	fL4o
项	fLi
咸	f6
峘	f6w
桓	f6c
洹	f6E
恒	f6Y
反	f2
帆	f2p
矾	f2s
凡	f2H
钒	f2N
凢	f2d
梵	f2c
汎	f2E
忛	f2Y
方	fT
晄	fTb
恍	fTY
分	f8
幩	f8p
燌	f8x
蕡	f8y
墳	f8d
羵	f8g
粪	f8h
獖	f8v
橨	f8c
膹	f8e
濆	f8E
愤	f8Y
僨	f8V
风	f3
幇	f3p
崶	f3w
葑	f3y
封	f3H
堼	f3d
非	fV
昲	fVb
曊	fVbx
费	fVx
疿	fVt
狒	fVv
沸	fVE
化	fia
磆	fias
猾	fiav
滑	fiaE
户	fio
喖	fioc
祜	fiou
怙	fioY
禾	fie
岁	fieH
秽	fieh
哕	fieo
胡	fiA
瓠	fiAj
弧	fiAl
狐	fiAv
翰	fiY
阚	fiYm
憨	fiYF
㘎	fiYo
瞰	fiYT
撖	fiY8
升	fiL
颢	fiLH
灏	fiLE
患	fi6
欢	fi6r
歡	fi6r
獾	fi6v
嚾	fi6o
孉	fi6A
番	fi2
鬟	fi2j
镮	fi2N
寰	fi2f
缳	fi2a
嬛	fi2A
懁	fi2Y
擐	fi28
攌	fi28m
環	fi23
皇	fiT
幌	fiTp
熀	fiTx
晃	fiTH
榥	fiTc
縨	fiTa
滉	fiTE
愰	fiTY
昏	fi8
尡	fi8b
混	fi8E
婫	fi8A
馄	fi8L
掍	fi88
倱	fi8V
奉	fi3
峰	fi3w
峯	fi3wH
烽	fi3x
逢	fi3z
夆	fi3H
锋	fi3N
埄	fi3d
蜂	fi3k
缝	fi3a
回	fiV
彗	fiVH
慧	fiVF
鮰	fiVB
嘒	fiVo
嚖	fiVoF
褩	ub2
被	ubio
裱	ubiL
褊	ubi2
褙	ubiV
襻	upi6
袤	umiY
紊	uwi8
祎	uwiV
襟	uju3
袈	uja
裾	ujA
裥	uj2
祺	uqE
綦	uqE
褀	uqEH
祛	uqA
裘	uq6
襁	uqT
祝	uxu3
袅	unuL
褶	uzue
祽	uzuV
衷	uz3
襊	uzV
褿	uDL
祱	usuV
神	us8
褥	urua
衽	uru8
衵	urE
絮	urA
裡	uHlE
祉	uHu6
禛	uHu8
祠	uHo
祴	uN2
初	ul
裏	ulE
禄	ulA
裂	ulie
累	uliV
社	ud
袳	udo
褅	udE
袋	udY
初	udL
裆	udT
袛	udiT
社	utA
祻	uga
禞	ugL
裹	ugio
祰	ugiL
裤	ukA
褃	uk8
繁	uhu2
褐	uhe
裄	uhT
祀	u4uV
袱	u46
禧	u5o
襶	uFiY
褪	u7V
祐	u7i6
裎	uB8
褂	uBia
祯	uci8
祊	ufT
祁	u1
绑	abT
絔	abiY
编	abi2
绊	abiT
缤	abi8
缥	apiL
彯	apiLH
绵	ame
缦	am2
纹	awi8
纬	awiV
绛	ajuT
绞	ajL
缐	aquo
缱	aque
辔	aqoa
纤	aq2
绣	axu6
像	axuT
绚	axu8
縼	axuV
绡	axL
缃	axT
纭	ayu8
纡	ayA
缌	anua
繜	azu8
织	azE
缀	aDuo
彩	aDuY
縒	aDo
绌	aDA
絾	aD8
绝	asue
绅	as8
缛	arua
紝	aru8
纫	ar8
缜	aHu8
缨	aHu3
絘	aHuV
级	aNa
纪	aNia
绮	aNi6
影	aNi8
绿	alA
缔	adE
终	adi3
彤	ate
绨	atE
缘	atV
绥	atio
绦	atiL
缟	agL
绀	ag2
纲	agT
红	ag3
绠	agi8
紸	aka
彡	ak2
缩	akiV
絯	ahY
绗	ahT
紘	ah3
彪	ahiL
绘	ahiV
绺	a4u6
缢	a5iY
缆	av2
纶	av8
缡	aviV
缎	aF2
経	aBY
绾	aBi2
绔	aca
縤	aci6
缮	aci2
纺	afT
纷	af8
绯	afV
繙	afi2
吧	oba
哱	obo
吡	obE
吥	obA
咇	ob6
咘	ob3
啵	obio
噼	opa
呸	opE
嚗	opL
乓	OpT
嗙	opT
嘭	op8
哌	opiY
嘌	opiL
响	opiT
乒	Opi8
呯	opi8
吗	oma
嗼	omo
咪	omE
哞	om6
嘛	omia
喵	omiL
鸣	omi8
呡	omi8
咩	omi1
咓	owa
呜	owA
喂	owL
吻	ow8
嗡	ow3
噬	owia
喔	owio
喟	owie
味	owiL
唔	owi6
噘	ojue
叴	oju6
噤	oju3
吤	oje
叽	ojE
啹	ojA
啓	oqua
啾	oqu6
嗴	oquT
吠	oquV
唊	oqa
呿	oqA
啨	oq8
唝	oxg3
哮	oxuL
唀	oxu6
喧	oxu2
咰	oxu8
咒	oxu3
呪	oxu3
吓	oxa
唏	oxE
嘘	oxA
咻	ox6
啣	oxV
囌	oyco
萂	oyfie
哑	oyua
啞	oyua
咬	oyuL
呀	oya
吁	oyA
喓	oyL
吖	oyia
喼	onuo
吽	onu6
唸	onu2
嘶	onuT
哪	ona
嗫	one
呢	onE
嚘	on6
喃	on2
囔	onT
咛	on8
哝	on3
唑	ozuo
哲	ozue
咤	ozuY
啭	ozu2
噂	ozu8
噿	ozuV
咋	oza
啅	ozo
啧	oze
呮	ozE
喌	oz6
啜	oDuo
唓	oDue
啋	oDuY
嘲	oDuL
嚓	oDa
嘈	oDL
嘇	oD2
唱	oDT
唾	oDV
嗖	os6
嗓	osT
呻	os8
嗕	orua
嘢	oruY
啁	oru6
嘫	oru2
嗏	ora
咗	oro
咡	ore
啮	orY
呺	orL
呥	or2
吱	oHua
叶	oHuo
嗞	oHuY
噡	oHu2
嗔	oHu8
嘤	oHu3
呞	oHo
吇	oHL
呲	oHV
呰	oHV
咭	oNo
唉	oNY
嚍	oN3
噎	oNV
嚼	oNie
唧	oNiY
咹	oNi2
噚	oNi8
哅	olx3
售	ola
旯	olaj
啰	olo
哩	olE
喱	olE
唻	olY
咾	olL
喽	ol6
啷	olT
咙	ol3
喺	olia
悋	olio
咧	olie
嗹	oli2
命	oli8
呤	oli8
哆	odo
叨	odL
呾	od2
噹	odT
噔	od8
嚁	od1
唙	odis
哒	odia
哚	odio
嗲	odie
叼	odiL
呧	odiT
叮	odi8
咚	odi3
吐	otA
嘡	otT
哃	ot3
喙	otV
呔	otiY
吞	oti2
旮	oga
嗰	oga
啯	ogo
咕	ogA
嘅	ogY
咁	og2
哏	og8
噶	og1
咯	ogie
嗗	ogiA
呴	ogi6
哽	ogi8
廤	okA
啃	ok8
啌	ok3
呵	okie
吙	oho
喝	ohe
嘿	ohE
咳	ohY
嚎	ohL
哼	oh8
咴	ohV
呼	ohiA
嗐	ohiY
唬	ohiL
喉	ohi6
唅	ohi2
唛	o4uY
吆	o4uL
啊	o4a
呃	o4e
呓	o4E
哎	o4Y
嗯	o48
呋	o4ia
咈	o4iL
啽	o4i2
咐	o4i3
嘻	o5o
噫	o5L
吣	o53
唽	o5io
嗌	o5iY
嘞	ove
嚟	ovL
嚠	ov6
吮	ov3
唎	ovV
呖	ovi6
唡	oviT
咏	ovi3
囄	oviV
嘄	oFL
嗪	oFi3
喻	o7o
嚏	o7E
呦	o76
嘾	o72
喑	o73
唁	o7iY
唹	o7iL
唷	o7iT
呱	oBa
哫	oB6
咣	oBT
啩	oBia
唇	oBi8
咵	oca
哙	ocY
哐	ocT
喹	ocV
嗾	ocia
书	ociY
嗉	oci6
嗦	oflia
哗	ofa
唤	ofY
喊	of6
吩	of8
啡	ofV
吪	ofia
和	ofie
咊	ofieH
噃	ofi2
唪	ofi3
骂	ooma
哭	ooquV
啙	ooHV
啝	oofie
唞	o8d6
脖	ebo
臂	ebi6
膑	ebi8
背	ebiV
胚	epE
簲	epY
膰	ep2
膀	epT
膨	ep8
脈	epiY
膜	emo
脒	emE
朦	em3
腛	ewio
腕	ewi2
腱	ejuY
腃	eju2
肌	ejE
胶	ejL
腺	equo
期	eqE
膤	exue
胁	exY
腥	ex8
胷	ex3
羘	eyuT
腋	eye
腰	eyL
腌	ey2
胹	enuY
脲	enL
腩	en2
脓	en3
䏝	ezu2
脏	ezuT
胀	ezT
肿	ez3
腄	eDV
胜	esu3
脱	esuV
脎	esa
膄	es6
胂	es8
膶	eruV
肢	eHua
脂	eHuL
膺	eH3
脐	eNL
肼	eN8
胺	eNi2
胸	elx3
胧	el3
胆	ed2
膯	ed8
胨	ed3
脰	edi6
胎	etY
膛	etT
脮	etio
肽	etiY
腘	ego
胳	ege
朕	egE
膏	egL
肝	egi2
腔	ek3
腹	ekiY
肸	ehuE
胲	ehY
脝	eh8
肱	eh3
腭	e4o
腻	e42
肤	e4ia
腑	e4io
脬	e4iT
臆	e5L
胪	eva
脷	evV
臀	eFie
脚	eFiV
脦	e7e
腿	e7V
胍	eBa
胱	eBT
胯	eca
脍	ecY
臗	ec2
膳	eci2
肪	efT
朌	ef8
腓	efV
膰	efi2
囘	efiV
氵巴	Eba
浡	Ebo
泌	Eb6
波	Ebio
滨	Ebi8
瀑	EpL
潘	Ep2
滂	EpT
澎	Ep8
泼	Epio
沜	Epie
漂	EpiL
濒	Epi3
酒	EpiV
漠	Emo
淿	Eme
彝	EmE
洣	EmE
洠	Em6
漫	Em2
漭	EmT
濛	Em3
沫	Emio
沔	Emie
沐	EmiA
渵	EmiL
泖	EmiT
泯	Emi8
湄	EmiV
沩	EwE
潕	Ew6
汪	EwT
滃	Ew3
渥	Ewio
渭	Ewie
浯	Ewi6
涴	Ewi2
汶	Ewi8
氿	Eju6
汣	Ej6
涧	Ej2
湶	Equo
湫	Equ6
溬	EquT
浃	Eqa
沏	Eqe
淇	EqE
淁	EqY
浗	Eq6
清	Eq8
泬	ExuY
渲	Exu2
潒	ExuT
洵	Exu8
况	Exu3
漩	ExuV
泻	Exo
澥	Exe
浠	ExE
消	ExL
冼	Ex2
洗	Ex2E
湘	ExT
汹	Ex3
萍	Eypi8
淓	EyfT
藩	Eyfi2
沅	Eyuo
潸	Eyue
浇	EyuL
油	Eyu6
源	Eyu2
洋	EyuT
沄	Eyu8
涌	Eyu3
冴	Eya
滟	Eyo
液	Eye
涎	EyY
淹	Ey2
泱	EyT
洇	Ey8
淰	Enu2
澌	EnuT
凘	EnuTE
浉	EnuV
泄	Eno
泥	EnE
汝	EnA
湳	En2
泞	En8
浓	En3
浙	Ezue
濢	EzuVn
淖	Ezo
渍	Eze
洙	EzA
沼	EzL
洲	Ez6
沾	Ez2
涰	EDuo
潮	EDuL
沧	EDuT
湷	EDu8
凗	EDuV
测	EDe
池	EDE
漕	EDL
渗	ED2
涮	Esua
潵	Esua
溯	Esuo
灀	EsuT
泩	Esu3
涚	EsuV
湜	EsE
沭	EsA
溲	Es6
汕	Es2
溽	Erua
溺	Eruo
润	EruV
洱	Ere
汨	ErE
洳	ErA
渘	Er6
溶	Er3
汭	ErV
凐	EHy8
洌	EHlie
汁	EHuo
滋	EHuY
沚	EHu6
泀	EHo
泗	EHe
淔	EH6
泚	EHV
汲	ENa
凝	ENE
泃	ENA
涘	ENY
汽	EN6
汫	EN8
灂	ENie
凄	ENiL
洝	ENi2
渤	Elbo
洶	Elx3
湧	Elyu3
涨	ElzT
淮	Ela
渌	ElA
涞	ElY
溇	El6
凛	El8
泷	El3
冽	Elie
滤	EliA
濑	EliY
溜	Eli6
涟	Eli2
泠	Eli8
埿	EdnE
汏	Eda
渡	EdA
澄	Ed8
冻	Ed3
濯	Ed1
㳠	Edia
滞	EdiY
汈	EdiL
浢	Edi6
滇	Edi2
涾	Eta
泝	Eto
浵	Ete
涕	EtE
汢	EtA
治	EtY
滔	EtL
滩	Et2
灘	Et2H
漟	EtT
渟	Et8
洎	Et1
潜	Etia
沺	Etie
汰	EtiY
涤	EtiL
添	Eti2
溏	EtiT
潼	Eti3
涸	Ega
凅	Ega
滒	Ege
沽	EgA
溉	EgY
沟	Eg6
泔	Eg2
港	EgiT
浭	Egi8
注	Eka
洘	EkL
氵	Ek2
涳	Ek3
涉	Ekia
蠲	EkiA
滗	EkiL
滱	Eki6
湛	Eki2
漮	EkiT
汔	Ehu6
浌	Eha
渴	Ehe
潶	EhE
濠	EhL
洉	Eh6
涥	Eh8
洃	EhV
湱	Eh1
泛	Ehia
滹	EhiA
淲	EhiL
浛	Ehi2
泓	Ehi3
浍	EhiV
染	E4ua
汜	E4uV
澳	E4L
洑	E46
浮	E4iT
洒	E5a
沁	E53
汐	E5ia
淅	E5io
溢	E5iY
溪	E5i6
浔	E5i8
泸	Eva
潞	Evo
浏	Ev6
沦	Ev8
漉	Evio
溧	EviL
沥	Evi6
濂	Evi2
泳	Evi3
漓	EviV
溆	EFa
浀	EFE
泅	EF6
潡	EF8
浒	EFia
澱	EFie
瀻	EFiY
瀙	EFi8
溱	EFi3
渝	E7o
泑	E76
潭	E72
渔	E7T
淤	E7iL
淯	E7iT
洸	EBT
滁	EBio
潺	EBie
潻	Eco
澮	EcY
淑	EcL
潚	Ec6
洭	EcT
溗	Ec3
潥	Ecio
津	EciY
溸	Eci6
浈	Eci8
浊	Eci3
冱	Efo
淝	EfE
涣	EfY
活	EfL
汸	EfT
汾	Ef8
沨	Ef3
沪	Efio
湖	EfiA
瀚	EfiY
漶	Efi6
湟	EfiT
涽	Efi8
洄	EfiV
澪	E6li8
妣	AbE
婊	AbiL
嬖	Abi6
姅	AbiT
妚	ApE
嫎	ApT
姵	ApV
嫖	ApiL
媥	Api2
姠	ApiT
妈	Ama
嫫	Amo
妺	Amo
婂	Ame
嬵	Ame
姆	AmA
媚	AmV
嫲	Amia
媌	AmiL
媒	Ami6
娩	Ami2
姄	Ami8
娓	Awe
媯	AwE
妩	Aw6
媦	Awie
婉	Awi2
妄	AwiT
妏	Awi8
嫁	Ajua
妎	Aje
嫌	AjY
姣	AjL
娚	Aj2
媝	Aqu6
姾	Aqu2
媗	Axu2
姰	Axu8
嫙	AxuV
姺	Ax2
娅	Ayua
嫄	Ayu2
妘	Ayu8
婹	AyL
姎	AyT
姻	Ay8
媤	Anua
耍	AnuY
嬝	AnuL
娜	Ana
妮	AnE
奶	AnY
婻	An2
嬣	An8
姹	AzuY
姚	AzuL
嫥	Azu2
嫧	Aze
妱	AzL
姃	Az8
妕	Az3
婇	ADuY
媋	ADu8
嬦	AD6
娼	ADT
娍	AD8
孀	AsuT
娑	Aso
妇	AsL
嫂	As6
妽	As8
媷	Arua
妊	Aru8
媃	Ar6
姌	Ar2
嫆	Ar3
嫃	AHu8
孆	AHu3
姪	AHY
好	AHL
姞	ANo
娭	ANY
妌	AN8
嬧	AN3
婍	ANi6
姒	ANiT
婛	ANi3
愑	Alyu3
娌	AlE
娽	AlA
婡	AlY
姥	AlL
嫏	AlT
姴	Alie
媹	Ali6
嫘	AliV
媂	AdE
嬁	Ad8
娻	Ad3
娣	AdV
奵	Adi8
始	AtY
嫍	AtL
婷	At8
婖	Ati2
娗	Ati8
媴	AtiV
姑	AgA
妃	AgiY
娔	Ake
妍	AkY
妸	Akie
嫝	AkiT
姂	Ahia
婬	A43
嬉	A5o
姖	A5V
嬼	Av6
孋	AviY
嬚	Avi2
孁	Avi8
娶	AFT
妪	AFi6
婰	AFi2
媇	AFi8
嫀	AFi3
妤	A7L
姯	ABT
婠	ABi2
嫦	ABiT
姱	Aca
婌	AcL
婫	Ac8
嫊	Aci6
嬅	Afa
媍	AfA
妨	AfT
妢	Af8
婔	AfV
婲	Afia
妒	Afio
姀	Afie
媩	AfiA
嬏	Afi2
媓	AfiT
婚	Afi8
恛	AfiV
姙	AVru8
悖	Ybo
怭	Yb6
怖	Yb3
惼	Ybi2
怑	YbiT
慓	YpiL
怦	Ypi8
惬	Ymqa
慔	Ymo
恈	Ym6
慢	Ym2
悯	Ym8
懞	Ym3
怃	Yw6
悟	Ywi6
惋	Ywi2
惓	Yju2
慻	Yju2
恮	Yqu2
悏	Yqa
怯	YqA
忏	Yq2
情	Yq8
恂	Yxu8
懈	Yxe
恘	Yx6
惺	Yx8
忷	Yx3
怞	Yyu6
悀	Yyu3
怏	YyT
愢	Ynua
惗	Ynu2
怩	YnE
廿	Yn2
恤	YnV
怍	Yza
怔	Yz8
惙	YDuo
怆	YDuT
憁	YDu3
慛	YDuV
恻	YDe
慒	YDL
懤	YD6
惨	YD2
怵	YsA
悚	Ys3
愺	YruL
忮	YHua
恉	YHuL
恃	YHuT
慎	YHu8
惭	YH2
懝	YNE
忾	YN6
悈	YN2
悸	YNio
憬	YNi8
惊	YNi3
恟	Ylx3
悝	YlE
恅	YlL
懔	Yl8
怜	Ylio
懒	YliY
憕	Yd8
忊	Ydi8
惦	YdiV
悌	YtE
慆	YtL
憆	YtT
忲	YtiY
慖	Ygo
惈	Ygio
愲	YgiA
忋	YgiY
忓	Ygi2
悭	Yko
忼	YkT
悾	Yk3
懺	Yk1
愎	YkiY
慷	YkiT
忔	Yhu6
愒	Yhe
悙	Yh8
恢	YhV
慌	YhiT
愕	Y4o
懊	Y4L
恓	Y5a
忆	Y5E
憶	Y5L
怇	Y5V
慀	Y5i6
惧	Y5iV
惀	Yv8
怺	Yvi3
憞	YF8
惇	YF8H
愉	Y7o
怮	Y76
忳	Y78
愔	Y73
恸	Y7i3
慉	YBo
愅	YBe
怪	YBY
慥	YBL
惯	YB2
憷	YBi6
悺	YBi2
恗	Yca
恇	YcT
憟	Ycio
愫	Yci6
恆	Yfo
憾	Yf6
悱	YfV
憣	Yfi2
惶	YfiT
惛	Yfi8
惽	Yfi8H
饽	Lbo
饱	LbL
饼	Lbi3
饷	LpiT
馍	Lmo
馒	Lm2
饥	LjE
饺	LjL
饮	Lqo
馕	LnT
馇	LDua
餟	LDuo
馐	LDu6
馓	Lsua
馊	Ls6
饪	Lru8
饵	Lre
饲	LHo
馏	Lli6
饾	Ldi6
馁	Ltio
舔	Lti2
餹	LtiT
餸	LgE
饕	LhL
饸	Lhie
餱	Lhi6
兕	L4ie
饨	L78
馀	L7io
馆	LBi2
蚀	Lci3
饭	Lf2
雨巴	6ba
雹	6bL
霹	6pa
霢	6piY
霉	6mV
霂	6miA
雯	6wi8
雾	6wi3
浆	6jT
霎	6qY
氰	6q8
霄	6xL
氩	6yua
氧	6yuT
雲	6yu8
氖	6nY
霑	6z2
霰	6sua
氜	6rE
氨	6Ni2
氯	6lA
零	6li8
氘	6dL
氭	6d3
氡	6di3
霆	6ti8
汞	6g3
氚	6giV
氦	6hY
霪	643
氟	64iL
露	6vo
雳	6vi6
氛	6f8
霏	6fV
笆	2ba
笨	2b8
簸	2bio
笾	2bie
簰	2pY
籓	2p2
瓢	2piL
篻	2piLH
篇	2pi2
笃	2ma
笷	2miT
筮	2wia
箭	2juV
笳	2ja
简	2j2
竸	2j8
笕	2jV
筌	2qu2
箧	2qa
箐	2q8
筅	2x2
箱	2xT
篂	2x8
竽	2yA
筵	2yY
篞	2ne
箤	2zuV
箦	2ze
轰	2Due2
篬	2DuT
筹	2D6
箠	2DV
篹	2su2
笙	2su3
筛	2sY
筎	2rA
笍	2rV
笥	2Ho
筝	2H8
笈	2Na
箩	2lo
箓	2lA
篓	2l6
笼	2l3
籁	2liY
簦	2d8
第	2dV
笗	2di3
筒	2t3
篠	2tiL
篖	2tiT
筳	2ti8
篙	2gL
筶	2giL
笱	2gi6
竿	2gi2
兢	2ke
笄	2kY
箜	2k3
簆	2ki6
看	2ki2
筑	2ki3
筏	2ha
籇	2hL
筕	2hT
篌	2hi6
符	24i3
箵	25e
簬	2vo
簕	2ve
篱	2viV
筁	2FE
簉	2BL
管	2Bi2
筐	2cT
簇	2cia
篁	2fiT
筘	28k6
瞟	TpiL
眯	TmE
眊	TmL
眸	Tm6
眄	Tmie
瞄	TmiL
眠	Tmi8
望	TwT
眷	Tju2
靚	Tq8
觑	TxA
睲	TxT
着	TyuT
眻	TyuT
眏	TyT
聍	Tn8
睟	TzuV
职	TzE
觇	Tz2
睬	TDuY
睶	TDu8
聪	TDu3
耸	TD3
睡	TDV
眒	Ts8
瞀	TrmiY
瞤	TruV
聃	Tr2
瞻	THu2
睁	TH8
睐	TlY
䁖	Tl6
聋	Tl3
眬	Tl3
聆	Tli8
耷	Tda
瞪	Td8
覴	Td8H
睇	TdV
盯	Tdi8
瞠	TtT
瞳	Tti3
联	TgE
耿	Tho
眨	Thia
睺	Thi6
瞗	TFiL
觎	T7o
盻	TcE
督	TcL
眶	TcT
睽	TciV
眆	TfT
睧	Tfi8
把	8ba
抔	8bA
抱	8bL
搬	8b2
挷	8bT
抪	8b3
拔	8bia
揙	8bi2
拌	8biT
摈	8bi8
摒	8bi3
揹	8biV
播	8p2
拨	8pio
扑	8piA
抨	8pi8
搁	8mge
摸	8mo
拇	8mA
摱	8m2
扪	8m8
抹	8mio
描	8miL
抿	8mi8
擝	8mi3
挖	8wa
抚	8w6
握	8wio
捂	8wi6
掘	8juo
撅	8jue
揵	8juY
撽	8juL
扏	8ju6
捲	8ju2
捃	8ju8
据	8jA
摪	8jT
搅	8jV
挸	8jV
掮	8quY
揪	8qu6
擒	8qu3
挟	8qa
抾	8qA
接	8qY
扦	8q2
摾	8qT
撬	8qiL
莏	8yso
掖	8ye
掩	8y2
拥	8y3
捻	8nu2
撕	8nuT
挪	8na
扰	8n6
揇	8n2
攮	8nT
拧	8n8
抓	8zua
摺	8zue
挓	8zuY
抟	8zu2
摶	8zu2
撙	8zu8
拃	8za
抧	8zE
招	8zL
撮	8zV
桚	8zia
採	8DuY
摧	8DuV
擦	8Da
搓	8Do
拙	8DA
掺	8D2
捶	8DV
撒	8sua
搠	8suo
扚	8suL
挩	8suV
摋	8sa
挱	8so
扫	8sL
掃	8sL
搜	8s6
搡	8sT
捒	8s3
搙	8rua
搦	8ruo
撑	8ruT
搽	8ra
挕	8re
揉	8r6
抩	8r2
搈	8r3
抐	8rV
指	8HuL
扯	8Hu6
撄	8Hu3
摲	8H2
拭	8HT
挣	8H8
擬	8NE
拘	8NA
挨	8NY
按	8Ni2
拟	8NiT
搂	8l6
拦	8l2
拢	8l3
擂	8lV
挒	8lie
攋	8liY
籀	8li6
拎	8li8
攂	8liV
抖	8d6
担	8d2
挡	8dT
挞	8dia
抵	8diT
打	8di8
掂	8diV
拆	8to
抬	8tY
搯	8tL
摊	8t2
掾	8tV
掭	8ti2
搪	8tiT
挺	8ti8
掴	8go
摡	8gY
搞	8gL
抅	8g6
掆	8gT
找	8gV
挌	8gie
扞	8gi2
挭	8gi8
拱	8gi3
拄	8ka
拷	8kL
扣	8k6
抗	8kT
掯	8k8
控	8k3
捗	8kia
攃	8huY
抛	8hL
捍	8h2
掝	8hio
拾	8hie
拵	84u8
扼	84e
擙	84L
摁	848
擓	84V
扶	84ia
揜	84i2
拊	84i3
擤	85e
拒	85V
携	85ie
揽	8v2
抡	8v8
掳	8via
攎	8viaH
捣	8FL
撴	8F8
揿	8F3
扙	8FiT
擀	87gi2
捳	87Y
抒	87L
拗	876
揄	87io
搐	8Bo
捉	8B6
掼	8B2
挄	8BT
挂	8Bia
掛	8Bia
拐	8BiY
拯	8Bi3
挎	8ca
掓	8cL
搧	8cie
揆	8ciV
撶	8fa
换	8fY
撼	8f6
护	8fio
捧	8fi3
玻	3bio
璧	3bi6
瑸	3bi8
珮	3pV
玶	3pi8
玛	3ma
珉	3mi8
琬	3wi2
玟	3wi8
玮	3wiV
珺	3ju8
珈	3ja
玑	3jE
琚	3jA
玖	3j6
现	3jV
瑔	3quo
猋	3quV
琪	3qE
球	3q6
琇	3xu6
瑄	3xu2
珣	3xu8
璇	3xuV
瑆	3x8
璓	3yxu6
玥	3yue
琰	3yuV
琊	3ya
瑏	3ya
袭	3yE
玗	3yA
玺	3nu8
瑛	3nu3
瑡	3nuV
瑼	3zu2
璻	3zuV
珠	3zA
玱	3DuT
瑃	3Du8
璁	3Du3
璀	3DuV
瑳	3Do
珅	3s8
珥	3re
珃	3r2
瑢	3r3
瑱	3Hu8
璎	3Hu3
矗	3H6
玼	3HV
琎	3N8
琦	3Ni6
璟	3Ni8
理	3lE
琭	3lA
珯	3lL
瑯	3lT
珑	3l3
瑠	3li6
琏	3li2
玲	3li8
玳	3dY
珰	3dT
璒	3d8
玎	3di8
垚	3tA
珆	3tY
瑫	3tL
䶮	3ti2
瑭	3tiT
珽	3ti8
玵	3g2
玽	3gi6
玕	3gi2
珙	3gi3
珂	3kie
珩	3hT
琥	3hiL
琀	3hi2
琌	34i3
璐	3vo
琍	3vV
璃	3viV
瑖	3F2
玙	37a
瑜	37o
珖	3BT
珵	3B8
珪	3BV
琯	3Bi2
承	3Bi3
森	3c
璯	3cY
璛	3c6
琨	3c8
瑍	3fY
玢	3f8
瑚	3fiA
璠	3fi2
瑝	3fiT
爸	Vba
侼	Vbo
俻	Vbe
孢	VbL
佖	Vb6
体	Vb8
佈	Vb3
偹	VbV
彼	Vbio
佰	VbiY
俵	VbiL
徧	Vbi2
伴	VbiT
傧	Vbi8
併	Vbi3
倂	Vbi3
丠	VbiV
偝	VbiV
僻	Vpa
儤	VpL
僠	Vp2
徬	VpT
倗	Vp3
佩	VpV
仆	VpiA
僄	VpiL
偏	Vpi2
闪	Vm
摹	Vmo
侔	Vm6
僈	Vm2
们	Vm8
仫	Vm1
俛	Vmi2
佤	Vwa
伪	VwE
僞	VwEH
偎	VwL
儛	Vw6
往	VwT
彺	VwT
倭	VwV
偓	Vwio
伍	VwiA
俉	Vwi6
倇	Vwi2
伟	VwiV
傢	Vjua
倔	Vjuo
健	VjuY
僬	VjuL
仇	Vju6
倦	Vju2
佭	VjuT
侰	Vju8
伽	Vja
仉	VjE
倨	VjA
傔	VjY
佼	VjL
傹	Vj8
伒	Vj3
儙	Vque
侨	VquL
佺	Vqu2
倾	Vqu8
俅	Vq6
仟	Vq2
侾	VxuL
徇	Vxu8
俙	VxE
兇	Vx3
俹	Vyua
俨	VyuY
侥	VyuL
佯	VyuT
伝	Vyu8
俑	Vyu3
伢	Vya
依	VyE
御	VyY
偠	VyL
佣	Vy3
偲	Vnua
孽	Vnue
侕	VnuY
你	Vnu8
偀	Vnu3
伲	VnE
孕	VnY
优	Vn6
優	Vn6
儾	VnT
侬	Vn3
侐	VnV
侳	Vzuo
侘	VzuY
侜	Vzu6
传	Vzu2
僔	Vzu8
偅	Vzu3
倅	VzuV
倬	Vzo
债	Vze
侏	VzA
侢	VzY
佋	VzL
佔	Vz2
征	Vz8
惩	Vz8F
仲	Vz3
伡	VDue
倸	VDuY
伧	VDuT
傖	VDuT
偆	VDu8
催	VDuV
侧	VDe
傮	VDL
俦	VD6
傪	VD2
倡	VDT
從	VD3
倕	VDV
甥	Vsu3
傁	Vs6
伸	Vs8
倳	Vsi
倣	VrfT
倜	Vru6
任	Vru8
佐	Vro
佴	Vre
侞	VrA
仩	VrT
仞	Vr8
傛	Vr3
肉	VrV
仼	VHwT
孖	VHHL
什	VHuo
孳	VHuY
企	VHu6
侍	VHuT
佽	VHuV
倁	VHa
伺	VHo
伫	VHA
侄	VHY
仔	VHL
值	VH6
佌	VHV
偨	VHVc
彶	VNa
佶	VNo
儗	VNE
俟	VNY
侪	VNL
侭	VN3
侒	VNi2
似	VNiT
倞	VNi3
儸	Vlo
俚	VlE
俫	VlY
佬	VlL
偻	Vl6
侽	Vl2
係	Vlia
例	Vlie
僆	Vli2
俍	VliT
伶	Vli8
儡	VliV
傫	VliVu
侈	Vdo
得	Vde
偙	VdE
但	Vd2
儅	VdT
僜	Vd8
倲	Vd3
俤	VdV
僀	VdiY
侸	Vdi6
低	VdiT
仃	Vdi8
佟	Vdi3
孡	VtY
停	Vt8
侗	Vt3
僣	Vtia
俀	Vtio
佃	Vtie
條	VtiL
傏	VtiT
僮	Vti3
个	Vga
個	Vga
囻	Vgo
估	VgA
佄	Vg2
价	Vgia
佫	Vgie
傦	VgiA
仠	Vgi2
昬	Vgi8
供	Vgi3
住	Vka
侤	VkL
佝	Vk6
侃	Vk2
伉	VkT
倥	Vk3
復	VkiY
儆	Vki8
亓	VhuE
偘	Vhu8
伙	Vho
孩	VhY
儫	VhL
俿	VhiL
徏	V4uo
倃	V4u6
侟	V4u8
佀	V4uV
偔	V4o
伕	V4ia
俯	V4io
佛	V4iL
仅	V4i6
俘	V4iT
附	V4i3
僖	V5o
亿	V5E
仪	V5Y
億	V5L
徲	V56
役	V5T
伈	V53
佢	V5V
儶	V5ie
傒	V5i6
杰	V5i2
傑	V5i2
俱	V5iV
伦	Vv8
兊	Vv3
俐	VvV
儢	Vvia
俪	VviY
傈	VviL
俩	VviT
佃	VFe
臋	VFie
伛	VFi6
仗	VFiT
儭	VFi8
偷	V7o
伃	V7L
孧	V76
佑	V7i6
俼	V7iT
傗	VBo
促	VB6
侊	VBT
侱	VB8
僝	VBie
儊	VBi6
倌	VBi2
伞	Vc
侉	Vca
侩	VcY
俶	VcL
僳	Vcio
傓	Vcie
傃	Vci6
僐	Vci2
侦	Vci8
旛	Vffi2
俷	VfE
偩	VfA
仮	Vf2
仿	VfT
份	Vf8
偑	Vf3
偟	VfiT
俸	Vfi3
佪	VfiV
徱	VVpiL
侚	VVxu8
徉	VVyuT
佂	VVz8
徝	VVH6
徕	VVlY
儓	VVtY
徎	VVB8
彷	VVfT
徨	VVfiT
鄙	1b1
陂	1bio
邶	1biV
邳	1pE
邺	1p6
鄱	1p2
鄮	1miT
邬	1wA
隈	1wL
降	1juT
郡	1ju8
阶	1je
郊	1jL
郏	1qa
阡	1q2
郇	1xu8
郗	1xE
邧	1yuo
邮	1yu6
邪	1ya
隐	1nuo
陑	1nuY
卹	1nV
邾	1zA
阵	1Due
陲	1DV
隧	1sV
邡	1HfT
郅	1HY
阱	1N8
陇	1l3
郄	1lio
邻	1li8
阧	1d6
邓	1d8
鄧	1d8
隥	1d8H
陈	1d3
郖	1di6
邸	1diT
邰	1tY
郜	1giL
郠	1gi8
叩	1k6
邟	1kT
郂	1hY
郈	1h6
郃	1hie
鄇	1hi6
鄂	14o
隘	15iY
陆	1vie
郦	1viY
酃	1vi8
隅	17ia
陛	1BE
郐	1cY
鄯	1ci2
邝	1ciT
防	1fT
隍	1fiT
譬	ipa
谱	ipA
谝	ipi2
评	ipi8
谟	imo
谩	im2
谋	imi6
譕	iw6
讳	iwV
诿	iwV
诬	iwia
谓	iwie
讥	ijE
谴	ique
诠	iqu2
请	iq8
诱	ixu6
询	ixu8
謃	ix8
讻	ix3
訩	ix3
诵	iyu3
讶	iya
诞	iyY
谜	izmE
诧	izuY
譐	izu8
谇	izuV
诈	iza
识	izE
诛	izA
诏	izL
詀	iz2
证	iz8
謿	iDuL
诚	iD8
说	isuV
説	isuV
諟	isE
讪	is2
訷	is8
让	irT
認	ir8
詜	iHua
诣	iHuL
谵	iHu2
诗	iHuT
词	iHo
试	iHT
诤	iH8
诫	iN2
谊	iNT
讲	iN8
记	iNia
詾	ilx3
谛	idE
诋	idiT
订	idi8
诉	ito
諪	it8
謌	ige
诂	igA
诰	igiL
註	ika
警	iki8
讫	ihu6
诙	ihV
谎	ihiT
谔	i4o
议	i5Y
设	i5T
訫	i53
讵	i5V
谥	i5iY
论	iv8
谕	i7o
谭	i72
谚	i7iV
诖	iBia
誇	ica
诓	icT
譁	ifa
话	ifL
访	ifT
讽	if3
诽	ifV
訸	ifie
